,0,1
0,enggak,tidak
1,cuman,cuma
2,trimakasih,terima kasih
3,brang,barang
4,thx you,terima kasih
5,thx,terima kasih
6,thank you,terima kasih
7,thank,terima kasih
8,thankyou,terima kasih
9,thankz you,terima kasih
10,thankz,terima kasih
11,mkasih,terima kasih
12,makasih,terima kasih
13,makas,terima kasih
14,makasihh,terima kasih
15,terimakasi,terima kasih
16,trimakasi,terima kasih
17,trmksh,terima kasih
18,makasii,terima kasih
19,makash,teirma kasih
20,mks,terima kasih
21,mksi,terima kasih
22,brng,barang
23,dtng,datang
24,syuka,suka
25,recomended,rekomendasi
26,tks,terima kasih
27,wrna,warna
28,tq,terima kasih
29,bahanya,bahannya
30,recommended,rekomendasi
31,mantab,mantap
32,mantul,mantap betul
33,mantull,mantap betul
34,mantaf,mantap
35,mantuul,mantap betul
36,mntul,mantap betul
37,paking,packing
38,tak,tidak
39,kulir,kurir
40,dngn,dengan
41,markotop,mantap
42,ngecewain,mengecewakan
43,pket,paket
44,blanja,belanja
45,kwalitas,kualitas
46,sesuay,sesuai
47,sesui,sesuai
48,gmbar,gambar
49,nyampe,sampai
50,hrg,harga
51,peking,packing
52,psen,pesen
53,pngiriman,pengiriman
54,dtang,datang
55,gmbr,gambar
56,pengirimanya,pengirimannya
57,brngnya,barangnya
58,nyampek,sampai
59,ssuai,sesuai
60,cpat,cepai
61,barangx,barangnya
62,tanks,terima kasih
63,puass,puas
64,baguus,bagus
65,lajada,lazada
66,sngat,sangat
67,mesan,pesan
68,nyampai,sampai
69,mntap,mantap
70,psn,pesan
71,pungsi,fungsi
72,abng,bang
73,bguss,bagus
74,pengin,ingin
75,lngganan,langganan
76,trm,terima
77,pkonya,pokoknya
78,alhmdulilah,alhamdulillah
79,recomend,rekomendasi
80,psanan,pesanan
81,ramahh,ramah
82,okk,oke
83,syukaa,suka
84,sgitu,segitu
85,lmyan,lumayan
86,rekomen,rekomendasi
87,kagak,tidak
88,trimksh,terima kasih
89,trma,terima
90,dengn,dengan
91,bangus,bagus
92,thanx you,terima kasih
93,thanx,terima kasih
94,lmyn,lumayan
95,maksh,terima kasih
96,mkasi,terima kasih
97,terimah,terima
98,thks,terima kasih
99,okey,oke
100,pesann,pesan
101,okeh,oke
102,trmksih,terima kasih
103,woww,wow
104,aminn,amin
105,met,selamat
106,netaas,menetas
107,keberpa,keberapa
108,eeeehhhh,eh
109,kata2nyaaa,kata-katanya
110,hallo,halo
111,kaka,kakak
112,ka,kak
113,daah,dah
114,aaaaahhhh,ah
115,yaa,ya
116,smga,semoga
117,slalu,selalu
118,amiin,amin
119,kk,kakak
120,trus,terus
121,sii,sih
122,nyenengin,menyenangkan
123,bgt,banget
124,gemess,gemas
125,akuuu,aku
126,jgn,jangan
127,udah,sudah
128,gitu,begitu
129,aja,saja
130,gemesiin,menggemaskan
131,menyenangkn,menyenangkan
132,rb,ribu
133,akau,aku
134,saranin,menyarankan
135,nemuin,menemukan
136,yah,ya
137,mnis2nya,manis-manisnya
138,gtu,begitu
139,tu,itu
140,idolaa,idola
141,bangett,banget
142,kaakk,kak
143,baaiikkk,baik
144,telaatt,telat
145,kaak,kak
146,yg,yang
147,lg,lagi
148,skarang,sekarang
149,sempet,sempat
150,karna,karena
151,ngga,tidak
152,mantep,mantap
153,loohhh,loh
154,yeee,ya
155,baguuuuus,bagus
156,sampe,sampai
157,ngikutin,mengikuti
158,gayany,gayanya
159,bnk,bang
160,awaas,awas
161,siip,sip
162,abizzzz,habis
163,kerrrrennnn,keren
164,sayaa,saya
165,pengen,pengin
166,kpan,kapan
167,sma,sama
168,sdkit,sedikit
169,bngt,banget
170,lgu,lagu
171,bener2,benar-benar
172,kharismanya,karismanya
173,aq,aku
174,jdi,jadi
175,lgi,lagi
176,gk,tidak
177,kek,kayak
178,lgunya,lagunya
179,kereeeeennnn,keren
180,nyamain,menyamakan
181,lakik,laki
182,siippp,sip
183,bkn,bukan
184,nyangka,menyangka
185,bangettt,banget
186,kereeen,keren
187,wihhhhhh,wih
188,tp,tapi
189,inget,ingat
190,bingitsss,banget
191,dmn,dimana
192,bird,biru
193,kaloo,kalo
194,gimna,bagaimana
195,tuuh,tuh
196,nyebur,mencebur
197,yng,yang
198,dbuat,dibuat
199,kn,kan
200,org,orang
201,pingin,pengin
202,bangcat,bangsat
203,yha,ya
204,waoohhh,wah
205,pngn,pengin
206,tmpt,tempat
207,dhe,deh
208,indahhh,indah
209,bgttt,banget
210,tuhh,tuh
211,berarto,berarti
212,ga,tidak
213,aamiin,amin
214,amiiinn,amin
215,dgn,dengan
216,aminnnn2,amin-amin
217,amiiiin,amin
218,aminnn,amin
219,amiend,amien
220,yaaa,ya
221,ameen,amin
222,aminnnn,amin
223,amiiinnn,amin
224,ngomong,mengomong
225,mamer,memamerkan
226,keles,kali
227,jelase,jelas
228,liat,lihat
229,uwakk,uwak
230,ntar,entar
231,bs,bisa
232,gini,begini
233,salfok,salah fokus
234,njir,anjir
235,piiink,pink
236,astgfrullah,astagfirullah
237,ko,kok
238,cd,celana dalam
239,gbs,enggak bisa
240,bhs,bahasa
241,yaaaaaa,ya
242,gak,tidak
243,bangshad,bangsat
244,stagahhhh,astaga
245,kpn,kapan
246,iooo,lo
247,dy,dia
248,d,di
249,mslh,masalah
250,qt,kita
251,plampiasannn,pelampiasan
252,masalahh,masalah
253,tohh,toh
254,inghinn,ingin
255,dhi,di
256,mengherthii,mengerti
257,yanckh,yang
258,chelalyyu,selalu
259,therchakitty,tersakiti
260,mauuuuu,mau
261,kaliii,kali
262,bangat,banget
263,bkin,bikin
264,dongg,dong
265,yokkk,yuk
266,yu,yuk
267,sweger,segar
268,gantengg,ganteng
269,bingiit,banget
270,kebukaaa,terbuka
271,tpi,tapi
272,keliatan,kelihatan
273,yakk,ya
274,kayakk,kayak
275,asliii,asli
276,kyk,kayak
277,cntiknya,cantiknya
278,bat,banget
279,ngeliatnya,melihatnya
280,sll,selalu
281,bet,banget
282,njerr,anjir
283,bingiiittttzzzz,banget
284,k,ke
285,klo,kalo
286,dooong,dong
287,masi,masih
288,gni,begini
289,hdk,hendak
290,jugaa,juga
291,mksud,maksud
292,aj,saja
293,tetep,tetap
294,mbakx,mbaknya
295,syantik,cantik
296,kite,kita
297,pa,apa
298,mksd,maksud
299,bejilbbnya,berjilbabnya
300,masio,masih
301,yahhh,ya
302,leh,boleh
303,ugaaa,juga
304,jerewi,jerawat
305,ilang,hilang
306,jilbabnyaah,jilbabnya
307,yuuuk,yuk
308,warnaaa,warna
309,punyaaa,punya
310,cantiik,cantik
311,sukaaak,suka
312,kebayanyaa,kebayanya
313,mantes,memantas
314,merekaaaa,mereka
315,jugaaa,juga
316,gilaaaa,gila
317,tiga2nya,tiga-tiganya
318,lucuu,lucu
319,emessss,gemas
320,ucullllll,lucu
321,males,malas
322,bangeettt,banget
323,gemesshh,gemas
324,apaaa,apa
325,ampuunn,ampun
326,ciuuuummmm,cium
327,mbil,sambil
328,ngmng,mengomong
329,ngemeng,mengomong
330,epe,apa
331,seehh,sih
332,yank,sayang
333,ucul,lucu
334,yahh,ya
335,gw,gue
336,ngakak,mengakak
337,astagfirrullah,astagfirullah
338,suerrr,suer
339,mnta,minta
340,syg,sayang
341,ntik,cantik
342,pny,punya
343,dapet,dapat
344,suru,suruh
345,lucuuuu,lucu
346,ketawakkkk,ketawa
347,kyanya,kayanya
348,bnget,banget
349,nakutin,menakutkan
350,malingg,maling
351,cocokk,cocok
352,niihh,nih
353,imutttttt,imut
354,satuuuuu,satu
355,sesekk,sesak
356,nafass,nafas
357,bgtt,banget
358,cintaaaaaaa,cinta
359,lucuk,lucu
360,ma,sama
361,duluu,dulu
362,megang,memegang
363,kawinin,mengawini
364,liatin,perlihatkan
365,ny,nya
366,bdan,badan
367,nyaaa,nya
368,gemesin,menggemaskan
369,fotoin,memfoto
370,ngaku,mengaku
371,kaaa,kak
372,ganteng2,ganteng-ganteng
373,pcarny,pacarnya
374,kri,kiri
375,knpa,kenapa
376,pda,pada
377,cmn,cuman
378,gara2,gara-gara
379,garuk2,garuk-garuk
380,tembokk,tembok
381,namax,namanya
382,kiriii,kiri
383,bungkusin,bungkuskan
384,atu,satu
385,dehhhh,deh
386,kakk,kak
387,ngegantiin,menggantikan
388,alloh,allah
389,smpe,sampai
390,msh,masih
391,trsa,terasa
392,khadirannya,kehadirannya
393,fikiran,pikiran
394,hayalanku,khayalanku
395,bru,baru
396,nton,menonton
397,ngapain,mengapai
398,surgaa,surga
399,kangenn,kangen
400,kgn,kangen
401,kakkkkk,kak
402,rinduuuuuuuuu,rindu
403,ninggalin,meninggalkan
404,smg,semoga
405,terangkhn,terangkan
406,bgtttt,banget
407,knp,kenapa
408,tuk,untuk
409,slama,selama
410,orng,orang
411,bngunlah,bangunlah
412,bngun,bangun
413,ea,ya
414,qu,ku
415,hiri,hari
416,"teman""ny",teman-temannya
417,aza,saja
418,dr,dari
419,alm,almarhum
420,skrg,sekarang
421,sie,sih
422,benet,benar
423,bangetttt,banget
424,tuu,tuh
425,skrang,sekarang
426,gda,enggak ada
427,gantiin,menggantikan
428,kta,kita
429,kklau,kalau
430,acra,acara
431,kasian,kasihan
432,yaaa ,ya
433,bnerr,benar
434,emk,emak
435,temenn,teman
436,pngenn,pengin
437,terkenall,terkenal
438,ajhh,saja
439,sungguh2,sungguh-sungguh
440,mnjadi,menjadi
441,shbt,sahabat
442,bner,benar
443,ktny,katanya
444,dimusiumin,dimuseumkan
445,bntu,bantu
446,dlu,dulu
447,udh,sudah
448,kangem,kangen
449,amiiin,amin
450,smua,semua
451,slmt,selamat
452,jln,jalan
453,"mudh""an",mudah-mudahan
454,tenny,tenang
455,sdh,sudah
456,tnya,tanya
457,blm,belum
458,td,tadi
459,sblm,sebelum
460,bole,boleh
461,lahhh,lah
462,maap,maaf
463,cm,cuma
464,kmrn,kemarin
465,wkt,waktu
466,ama,sama
467,ak,aku
468,lht,lihat
469,biasa2,biasa-biasa
470,mnrtkuu,menurutku
471,trs,terus
472,ikutin,mengikuti
473,jdwl,jadwal
474,wajiiib,wajib
475,aaaammmiiiinnnn,amin
476,dtnggu,ditunggu
477,jan,jangan
478,kunjungin,kunjungi
479,lagiiii,lagi
480,waktunyaaa,waktunya
481,diluangin,diluangkan
482,jga,juga
483,mimin,admin
484,istimewaaa,istimewa
485,blom,belum
486,nangis,menangis
487,"ngaku""",mengaku-ngaku
488,diaa,dia
489,donkk,dong
490,kejawab,terjawab
491,yaaaa,ya
492,seru2an,seru-seruan
493,mohom,mohon
494,kebalas,terbalas
495,nyempetin,menyempatkan
496,wktunya,waktunya
497,kaaaa,kak
498,ngobrol,mengobrol
499,namain,namai
500,bls,balas
501,ijap,ijab
502,kobul,kabul
503,co,cowok
504,pst,pasti
505,inggat,ingat
506,brdua,berdua
507,masing2,masing-masing
508,sanggat,sangat
509,siipp,sip
510,laa,lah
511,dlm,dalam
512,hdup,hidup
513,hdp,hidup
514,kedpan,kedepan
515,smoga,semoga
516,mndaptkan,mendapatkan
517,"nutup""in",menutup-nutupi
518,iyah,iya
519,sja,saja
520,kakkk,kak
521,za,saja
522,mulut2,mulut-mulut
523,peengn,pengin
524,tuch,tuh
525,muantteepp,mantap
526,cpt,cepat
527,mrit,merit
528,y,ya
529,ngapasih,mengapa sih
530,ni,nih
531,segitunya,sebegitunya
532,fto,foto
533,pke,pakai
534,sisain,menyisakan
535,slamt,selamat
536,nantiii,nanti
537,edaaan,edan
538,emg,memang
539,tunggu2,tunggu-tunggu
540,sehat2,sehat-sehat
541,ciyeeeeeee,cie
542,pantes,pantas
543,lairannya,kelahirannya
544,jmnya,jamnya
545,ajha,saja
546,nyaaaa,nya
547,nyari,mencari
548,amiien,amien
549,terbaikkk,terbaik
550,ayahh,ayah
551,ae,saja
552,ndak,indak
553,ngerti,mengerti
554,mrekaaaa,mereka
555,yaampuuuunnnn,ya ampun
556,nyanyiin,menyanyikan
557,ahhh,ah
558,pgen,pengin
559,tempt,tempat
560,kh,kah
561,bgini,begini
562,brani,berani
563,km,kamu
564,jalan2,jalan-jalan
565,asyikkkkk,asyik
566,iriiiii,iri
567,ngajak,mengajak
568,naaaaahh,nah
569,kka,kakak
570,yak,ya
571,ttep,tetap
572,sperti,seperti
573,jrang,jarang
574,msuk,masuk
575,gossip2.an,gosip-gosipan
576,makkk,mak
577,guee,gue
578,pengennn,pengin
579,gilzz,gila
580,nyaru,menyaru
581,gilaaa,gila
582,jd,jadi
583,kebarat2an,kebarat-baratan
584,ohh,oh
585,mantabs,mantab
586,jgan,jangan
587,mlu,melulu
588,payahh,payah
589,ntaf,mantap
590,beneran,benaran
591,"mudah""n",mudah-mudahan
592,gada,enggak ada
593,milikin,memiliki
594,kamo,kamu
595,inih,ini
596,sukaaaa,suka
597,sukaaaaaa,suka
598,kirain,mengira
599,mehoonggggg,mahal
600,apikkkk,apik
601,yach,ya
602,kereenn,keren
603,ginii,begini
604,ayoook,ayo
605,yoiii,yoi
606,gituuu,begitu
607,iyaaa,iya
608,pgn,pengin
609,liptsk,lipstik
610,nyeplak,menjiplak
611,cw,cewek
612,kmarin,kemarin
613,mengncang,mengencang
614,tauu,tau
615,ksh,kasih
616,skrng,sekarang
617,mksh,terima kasih
618,ank,anak
619,skitar,sekitar
620,ktmu,ketemu
621,tmen,teman
622,ats,atas
623,donk,dong
624,heii,hai
625,diputusin,diputuskan
626,pcrnya,pacarnya
627,mnjual,menjual
628,ngadain,mengadakan
629,kkak,kakak
630,rekomendasiin,rekomendasikan
631,sihhh,sih
632,cooocok,cocok
633,mrip,mirip
634,mama.nyy,mamanya
635,bosenin,membosankan
636,kmu,kamu
637,bukn,bukan
638,sey,sih
639,cantikkk,cantik
640,banger,banget
641,kaa,kak
642,eakyu,waktu
643,cntik,cantik
644,kakanya,kakaknya
645,doeloe,dulu
646,cantikkkk,cantik
647,bngtt,banget
648,iyak,iya
649,malh,malah
650,mlah,malah
651,ngak,tidak
652,laki2,laki-laki
653,gag,tidak
654,fhotonya,fotonya
655,bleh,boleh
656,brp,berapa
657,tnggl,tanggal
658,tanteny,tantenya
659,ky,kaya
660,sklinyaa,sekalinya
661,ayoo,ayo
662,w,gue
663,dramaa,drama
664,niiih,nih
665,bisaa,bisa
666,lha,lah
667,dunk,dong
668,lihaat,lihat
669,yuwkkk,yuk
670,nnti,nanti
671,editannn,editan
672,mw,mau
673,thu,itu
674,mai,mau
675,kamuu,kamu
676,pastii,pasti
677,bisaaa,bisa
678,kejuu,keju
679,kereen,keren
680,nama.a,namanya
681,kmauan,kemauan
682,ahhhh,ah
683,yuuuuk,yuk
684,dmana,dimana
685,disiniii,disini
686,cobaa,coba
687,bayangin,bayangkan
688,yaudh,ya sudah
689,dl,dulu
690,ajaaa,saja
691,tuhhh,tuh
692,amploppp,amplop
693,mo,mau
694,sayangg'',sayang-sayang
695,nantii,nanti
696,aminnnnn,amin
697,gakuat,enggak kuat
698,yukkkk,yuk
699,nged,banget
700,nantik,nanti
701,ksitu,kesitu
702,bangeett,banget
703,liad,lihat
704,kluarga,keluarga
705,biasahhh,biasa
706,tutorialx,tutorialnya
707,dpke,dipakai
708,fhoto,foto
709,kerenn,keren
710,binggo,banget
711,rekomndd,rekomendasi
712,bli2n,beli-belikan
713,bwt,buat
714,wado,waduh
715,guaa,gua
716,yaakkk,ya
717,bangetttttyt,banget
718,bangettttt,banget
719,bangg,bang
720,kangeeeeeeeeennnnnnnn,kangen
721,kaliannnnnn,kalian
722,rinduuuuuuuuuu,rindu
723,kangennnnnmnnnnnnnnnnnnnnnnn,kangen
724,kaliannnnnm,kalian
725,kangeeeeeeeeeeennnnn,kangen
726,kangennnnnnnnnnnnnnnn,kangen
727,kangennn,kangen
728,kaliannnnnnn,kalian
729,th2,tahun-tahun
730,smpt,sempat
731,blg,bilang
732,trserah,terserah
733,ad,ada
734,cwo,cowok
735,prnah,pernah
736,wlwpun,walaupun
737,trpsah,terpisah
738,klw,kalau
739,mmg,memang
740,prsatukn,persatukan
741,g,tidak
742,slh,salah
743,ngomng,mengomong
744,mdh2an,mudah-mudahan
745,sm,sama
746,skedar,sekadar
747,kangeeerrn,kangen
748,pulak,pula
749,terrrrbaik,terbaik
750,jorookknya,joroknya
751,ihhhhh,ih
752,padahall,padahal
753,jorokkkk,jorok
754,mualll,mual
755,klow,kalau
756,muke,muka
757,ajh,saja
758,taiiii,tahi
759,seneeeeeng,senang
760,nyesel,menyesal
761,besarin,membesarkan
762,tanyang,tayang
763,ber2,berdua
764,jngan,jangan
765,ngelarang,melarang
766,kerreeen,keren
767,pantess,pantas
768,bngettt,banget
769,baperr,bawa perasaan
770,sudh,sudah
771,sbr,sabar
772,pngen,pengin
773,nntn,menonton
774,ht,hati
775,pemainy,pemainnya
776,jg,juga
777,aqu,aku
778,ngeliat,melihat
779,baper,bawa perasaan
780,akn,akan
781,kbawa,terbawa
782,bradegan,beradegan
783,amiiinnnn,amin
784,mlm,malam
785,nikahin,menikahi
786,hadeuh,aduh
787,nyambung,menyambung
788,liyat,lihat
789,krn,karena
790,sk,suka
791,adengan,adegan
792,engga,tidak
793,bingit,banget
794,dapetin,mendapatkan
795,model2,model-model
796,sitayngin,ditayangkan
797,cocokkk,cocok
798,mahhhh,mah
799,cocokny,cocoknya
800,iniw,ini
801,q,ku
802,setju,setuju
803,bnern,benaran
804,pcrn,pacaran
805,klian,kalian
806,cocokkkk,cocok
807,bngett,banget
808,abes,habis
809,br,baru
810,mksdny,maksudnya
811,brpa,berapa
812,ihh,ih
813,kesampean,kesampaian
814,beginiiii,begini
815,ntr,entar
816,beliin,belikan
817,kya,kaya
818,keq,kayak
819,ngerasa,merasa
820,sygkuu,sayangku
821,ngeselin,mengesalkan
822,baju'a,bajunya
823,gara'',gara-gara
824,teruss,terus
825,pokok'a,pokoknya
826,bg,bang
827,ubur2,ubur-ubur
828,kuyy,yuk
829,bentarr,bentar
830,dureen,duren
831,ajibb,ajib
832,mahall,mahal
833,yukk,yuk
834,niiihh,nih
835,imuuttt,imut
836,imuttzz,imut
837,nha,nya
838,konten2,konten-konten
839,rasain,merasai
840,daaaah,deh
841,asliiii,asli
842,cantiknnnnyaaaaaaa,cantiknya
843,yuuk,yuk
844,ngelihatnya,melihatnya
845,bdn,badan
846,na,nya
847,ibu2,ibu-ibu
848,lau,kau
849,cantikk,cantik
850,sexxi,seksi
851,bulet,bulat
852,ituu,itu
853,ngocok,mengocok
854,nyoba,mencoba
855,gn,begini
856,yaahhh,ya
857,kencqng,kencang
858,kra,kira
859,diginikan,dibeginikan
860,"coret""",coret-coret
861,lahh,lah
862,gambarin,gambarkan
863,ngerii,ngeri
864,digambarin,digambarkan
865,klen,kalian
866,bangke,bangkai
867,kog,kok
868,liatnya,lihatnya
869,bedanyaaa,bedanya
870,negri,negeri
871,mbk,mbak
872,pgin,pengin
873,krudungan,kerudungan
874,ajaa,saja
875,maksutku,maksudku
876,kerennnnn,keren
877,njirr,anjir
878,jd'y,jadinya
879,manisnyaaaa,manisnya
880,thun,tahun
881,mbg,mbak
882,bangeet,banget
883,ngaco,mengaco
884,ngomen,mengomentari
885,kaaakk,kak
886,gituh,begitu
887,tenggah,tengah
888,uuuuuaaaaaaaaaappppppppppiiiiiiiiiiiiiiiiiikkkkkkkkkkkkkkkk,apik
889,kocakkkkkkkkkkkkkk,kocak
890,ksukaanmuuu,kesukaanmu
891,bagiii,bagi
892,ayooo,ayo
893,nontonx,menontonnya
894,dpn,depan
895,pi,tapi
896,penasarannnn,penasaran
897,gilakkkkkk,gila
898,mauuu,mau
899,nontoonnn,menonton
900,cepet2,cepat-cepat
901,kepingin,pengin
902,nontonnnn,menonton
903,deeek,dek
904,ntappp,mantap
905,deg2an,deg-degan
906,cyiiin,cinta
907,iyha,iya
908,kureeeen,keren
909,muantaap,mantap
910,pake,pakai
911,ngantri,mengantri
912,bli,beli
913,nraktir,mentraktir
914,nonton,menonton
915,sbnyak,sebanyak
916,penasaraaann,penasaran
917,ayoooo,ayo
918,nii,ini
919,nontonya,menontonnya
920,kl,kalo
921,nunggu,menunggu
922,dpt,dapat
923,qta,kita
924,peen,pengin
925,lw,kalau
926,gga,tidak
927,yaah,ya
928,asikkk,asik
929,gilak,gila
930,mcm,macam
931,ceritax,ceritanya
932,yoooiii,yoi
933,kuy,yuk
934,udahh,sudah
935,tauuuuu,tau
936,sabarrrrr,sabar
937,kqmu,kamu
938,banggain,banggakan
939,thn,tahun
940,pengan,pengin
941,sendeng,senang
942,simpen,simpan
943,gakk,tidak
944,bagiin,membagikan
945,nanggepin,menanggapi
946,kapn,kapan
947,barang2,barang-barang
948,kirimin,mengirimi
949,senengin,senangi
950,ngasih,mengasih
951,ampunnnn,ampun
952,bln,bulan
953,senengg,senang
954,teruzzz,terus
955,mantabb,mantab
956,sumpahh,sumpah
957,diluarann,diluaran
958,trbaik,terbaik
959,dlam,dalam
960,anjirrrr,anjir
961,jendess,janda
962,dh,dah
963,sichh,sih
964,namnya,namanya
965,geh,gih
966,nggak,tidak
967,22nya,dua-duanya
968,aduuhhh,aduh
969,miripp,mirip
970,silauuu,silau
971,waww,wow
972,uga,juga
973,njiirr,anjir
974,bgs,bagus
975,kesinii,kesini
976,gemay,gemas
977,dstu,disitu
978,wiiiihhhh,wih
979,samoga,semoga
980,kereennn,keren
981,wahh,wah
982,nyangkaa,menyangka
983,hasilnyaaa,hasilnya
984,dahhhh,dah
985,mudah2,mudah-mudah
986,jugaakk,juga
987,prnh,pernah
988,diapa2in,diapa-apai
989,yaak,ya
990,lhoo,loh
991,donx,dong
992,gthu,begitu
993,nda,indak
994,maauuu,mau
995,pacarrr,pacar
996,idamann,idaman
997,naturalllll,natural
998,bnyak,banyak
999,berntung,beruntung
1000,merka,mereka
1001,jln2,jalan-jalan
1002,romntis,romantis
1003,slamat,selamat
1004,ulan,ulang
1005,th,tahu
1006,mngkin,mungkin
1007,klau,kalau
1008,diksi,dikasih
1009,sipp,sip
1010,taun,tahun
1011,jugak,juga
1012,nungguin,menunggu
1013,ngeluarin,mengeluarkan
1014,keciill,kecil
1015,ughaa,juga
1016,"tante""",tante-tante
1017,banged,banget
1018,abeees,habis
1019,kapan2,kapan-kapan
1020,adain,mengadakan
1021,bsa,bisa
1022,bosen2,bosan-bosan
1023,sempurnaaaaa,sempurna
1024,kaan,kan
1025,kece2,kece-kece
1026,badaaiii,badai
1027,beneraan,benaran
1028,cantiiik,cantik
1029,kuatttt,kuat
1030,cantiiiiiiik,cantik
1031,cantiknyaaa,cantiknya
1032,bae2,baik-baik
1033,bgd,banget
1034,mb,mbak
1035,catiiiiik,cantik
1036,subahanallah,subhanallah
1037,jaman2nya,jaman-jamannya
1038,padet,padat
1039,buktiin,membuktikan
1040,cantiq,cantik
1041,"pasien""nya",pasien-pasiennya
1042,lohh,loh
1043,utk,untuk
1044,keeeerrrreeeennnnnnnnn,keren
1045,woow,wow
1046,choker2,choker-choker
1047,hadirrr,hadir
1048,hadirr,hadir
1049,jelashh,jelas
1050,sekali2,sekali-kali
1051,mbaaa,mbak
1052,temen,teman
1053,hidupppp,hidup
1054,nyebelin,menyebalkan
1055,diliatnya,dilihatnya
1056,abis2,habis-habis
1057,gpp,enggak apa-apa
1058,para2,parah-parah
1059,bangeeet,banget
1060,allahhhhhhh,allah
1061,gemesnya,gemasnya
1062,ilang2,hilang-hilang
1063,kmi,kami
1064,ngilangin,menghilangkan
1065,tbuh,tubuh
1066,itungan,hitungan
1067,ledekin,ledeki
1068,tmn2,teman-teman
1069,repot2,repot-repot
1070,oles2,oles-oles
1071,ckup,cukup
1072,dptkan,dapatkan
1073,artis2,artis-artis
1074,kalii,kali
1075,ninggiin,meninggikan
1076,baget,banget
1077,dri,dari
1078,kira2,kira-kira
1079,lgsg,langsung
1080,ngk,tidak
1081,ahh,ah
1082,pas2an,pas-pasan
1083,balesin,membalas
1084,gausah,enggak usah
1085,sukaaa,suka
1086,lutuna,lucunya
1087,ciapa,siapa
1088,gemesss,gemas
1089,duhh,duh
1090,terharuuu,terharu
1091,alamii,alami
1092,sampek,sampai
1093,ckrng,sekarang
1094,ngegemesin,menggemaskan
1095,imoet,imut
1096,imut2,imut-imut
1097,jagain,menjaga
1098,yahbh,ya
1099,msih,masih
1100,macem2,macam-macam
1101,neko2,neko-neko
1102,sktika,seketika
1103,lutu,lucu
1104,wowwww,wow
1105,massss,mas
1106,kesiniii,kesini
1107,"keren""",keren-keren
1108,"jalan""nya",jalan-jalannya
1109,masyaallahhh,masyaallah
1110,kerennn,keren
1111,ksni,kesini
1112,begok,bego
1113,bkan,bukan
1114,jgk,juga
1115,bawak,bawa
1116,it,itu
1117,nti,nanti
1118,pgi,pagi
1119,keeeeeren,keren
1120,baguusss,bagus
1121,mna,mana
1122,nahannnn,tahan
1123,bagaatt,banget
1124,gayannxa,gayanya
1125,kereeeen,keren
1126,uda,sudah
1127,ngekeh,kekeh
1128,xlian,kalian
1129,b3,bertiga
1130,ihhh,ih
1131,lcu,lucu
1132,pait,pahit
1133,koplakkk,koplak
1134,kerass,keras
1135,yachhh,ya
1136,gokil,gila
1137,ngelihat,melihat
1138,ngelawak,melawak
1139,iiihhhhh,ih
1140,nyolotinnnn,menyolot
1141,beratttttttt,berat
1142,cantiikkkk,cantik
1143,hijaabbb,hijab
1144,sekalii,sekali
1145,smnagatin,menyemangati
1146,pakek,pakai
1147,kanapa,kenapa
1148,cans,cantik
1149,banhet,banget
1150,bgttttttt,banget
1151,blng,bilang
1152,mngasi,mengasih
1153,kmbang,kembang
1154,pg,pagi
1155,nie,ini
1156,pla,pula
1157,kw,kau
1158,blakon,berlakon
1159,sy,saya
1160,nmpk,nampak
1161,bngtzt,banget
1162,lucukkkkk,lucu
1163,sbelah,sebelah
1164,baek,baik
1165,ciusss,serius
1166,palinf,paling
1167,fav,favorit
1168,maak,mak
1169,ngakaaaakkk,mengakak
1170,gokill,gila
1171,kocakkkkkk,kocak
1172,ngekek,mengekek
1173,capee,cape
1174,pegangin,memegang
1175,nyender,menyandar
1176,bener,benar
1177,manjain,memanjakan
1178,peleotin,meleot
1179,bng,bang
1180,termurahhhh,termurah
1181,nyatakan,menyatakan
1182,graaatiiiis,gratis
1183,meriahh,meriah
1184,cantikkkm,cantik
1185,parahh,parah
1186,bingits,banget
1187,yuppss,ya
1188,nyindir,menyindir
1189,onoh,sono
1190,bnyk,banyak
1191,anakny,anaknya
1192,staf2nya,staf-stafnya
1193,begete,banget
1194,aduhh,aduh
1195,manteppp,mantap
1196,hati2,hati-hati
1197,jangan2,jangan-jangan
1198,kata2nya,kata-katanya
1199,ynk,sayang
1200,"nangis""",menangis-nangis
1201,"hati""",hati-hati
1202,"jangan""",jangan-jangan
1203,emank,memang
1204,cr,cara
1205,diemin,diamkan
1206,hancurin,menghancurkan
1207,ckp,cukup
1208,mgkn,mungkin
1209,ato,atau
1210,diapain,diapakan
1211,ms,masih
1212,haragain,menghargai
1213,cb,coba
1214,nyakitin,menyakiti
1215,jgn2,jangan-jangan
1216,sbaiknya,sebaiknya
1217,mngerti,mengerti
1218,blajar,belajar
1219,fakta2,fakta-fakta
1220,spt,seperti
1221,mnding,mending
1222,nilai2,nilai-nilai
1223,buka2,buka-buka
1224,nyinyirin,nyinyir
1225,pdhl,padahal
1226,pd,pada
1227,nyerang,menyerang
1228,hrs,harus
1229,mrk,mereka
1230,trima,terima
1231,ngomomg,mengomong
1232,mang,memang
1233,kbetulan,kebetulan
1234,orgtuanya,orang tuanya
1235,sbelum,sebelum
1236,ngamatin,mengamati
1237,ngintip,mengintip
1238,stelah,setelah
1239,sndiri,sendiri
1240,ngintilin,mengintil
1241,smnjak,semenjak
1242,trbukti,terbukti
1243,nyambet,menyambat
1244,msk,masuk
1245,krmh,ke rumah
1246,rmh,rumah
1247,bo'ong,bohong
1248,eloo,lo
1249,apa2nya,apa-apanya
1250,goblokkk,goblok
1251,sesatt,sesat
1252,ibliss,iblis
1253,elo,lo
1254,kbiasaan,kebiasaan
1255,hdpnya,hidupnya
1256,lbh,lebih
1257,byk,banyak
1258,anknya,anaknya
1259,tdr,tidur
1260,sbuah,sebuah
1261,anak2nya,anak-anaknya
1262,tdnya,tadinya
1263,ank2nya,anak-anaknya
1264,milih,memilih
1265,branjak,beranjak
1266,ank2,anak-anak
1267,masyarakay,masyarakat
1268,mudah2an,mudah-mudahan
1269,menegerti,mengerti
1270,apa2,apa-apa
1271,sok2,sok-sok
1272,nasehatin,menasihati
1273,ngaca,mengaca
1274,ajah,saja
1275,kakkkk,kak
1276,slamet,selamat
1277,ampe,sampai
1278,nari,menari
1279,ehh,eh
1280,mf,maaf
1281,ngcpin,mengucapkan
1282,woowwww,wow
1283,iaa,iya
1284,kdg,kadang
1285,kebagi,terbagi
1286,nerusin,meneruskan
1287,indo,indonesia
1288,univ,universitas
1289,maen,main
1290,wihh,wih
1291,tetapppp,tetap
1292,gantenggg,ganteng
1293,jakety,jaketnya
1294,nggk,tidak
1295,skli,sekali
1296,kli,kali
1297,ttp,tetap
1298,pala,kepala
1299,pusingggg,pusing
1300,pucing,pusing
1301,ihhhh,ih
1302,maho,manusia homo
1303,gantng,ganteng
1304,alak,kepala
1305,hilangv,hilang
1306,bungggg,bung
1307,gapap,enggak apa-apa
1308,kyak,kayak
1309,pling,paling
1310,gokiiill,gila
1311,busedh,buset
1312,gokilnya,gilanya
1313,duluuu,dulu
1314,keceee,kece
1315,nyaa,nya
1316,klu,kalau
1317,gilaa,gila
1318,duuhhh,duh
1319,amiiiiinnnnn,amin
1320,dg,dengan
1321,tullus,tulus
1322,tw,tau
1323,pluk,peluk
1324,durhaka2,durhaka-durhaka
1325,kpada,kepada
1326,"seburuk""",seburuk-buruk
1327,ortu,orang tua
1328,ktaa,kita
1329,yup,ya
1330,tdk,tidak
1331,tetaplaah,tetaplah
1332,ajja,saja
1333,dech,deh
1334,oprasi,operasi
1335,gya,gaya
1336,kndung,kandung
1337,sbg,sebagai
1338,u,lu
1339,ksenangan,kesenangan
1340,ddpt,didapat
1341,jwab,jawab
1342,mmbodohkan,membodohkan
1343,orlaen,orang lain
1344,bgtu,begitu
1345,drpd,daripada
1346,malem,malam
1347,aplikasiin,mengaplikasikan
1348,berangat,berangkat
1349,praktekin,mempraktikkan
1350,dahh,dah
1351,gmn,bagaimana
1352,omdo,omong doang
1353,kate,kata
1354,cabe2,cabe-cabe
1355,prjuangan,perjuangan
1356,kmewahan,kemewahan
1357,stimpal,setimpal
1358,ddpat,didapat
1359,sprt,seperti
1360,bc,baca
1361,mnilai,menilai
1362,kata2,kata-kata
1363,usahh,usah
1364,segala2nya,segala-galanya
1365,sekarng,sekarang
1366,sprti,seperti
1367,mkanya,makanya
1368,hay,hai
1369,mreka,mereka
1370,bhagia,bahagia
1371,korek2,korek-korek
1372,ngebales,membalas
1373,krna,karena
1374,sihh,sih
1375,sasama,sesama
1376,dehh,deh
1377,cabe2an,cabe-cabean
1378,terong2an,terong-terongan
1379,seklian,sekalian
1380,kluar,keluar
1381,tuuu,itu
1382,ngurusan,mengurusi
1383,campurin,mencampuri
1384,emnknya,memangnya
1385,py,punya
1386,unyuu,unyu
1387,mrangkul,merangkul
1388,adlh,adalah
1389,wlo,walau
1390,lh,boleh
1391,manusiy,manusia
1392,tx,tidak
1393,samara,sakinah mawadah rahman
1394,teringt,teringat
1395,trmsuk,termasuk
1396,dn,dan
1397,pilihnmu,pilihanmu
1398,swmntara,sementara
1399,trmasuk,termasuk
1400,orang2,orang-orang
1401,sgt,sangat
1402,liht,lihat
1403,suaminy,suaminya
1404,jadulnya,jaman dulunya
1405,mantaff,mantap
1406,ngata2in,mengatai-ngatai
1407,bagaimna,bagaimana
1408,mulusssss,mulus
1409,bgus,bagus
1410,gmana,bagaimana
1411,kpleset,kepleset
1412,yawlah,ya allah
1413,kepeleset,kepleset
1414,kayanye,kayanya
1415,amiinnnn,amin
1416,komen2an,komen-komenan
1417,wewww,wow
1418,dumsss,dong
1419,tar,entar
1420,perbaikin,memperbaiki
1421,permasalhkan,permasalahkan
1422,betul2,betul-betul
1423,jauhin,jauhi
1424,dateng,datang
1425,adiik,adik
1426,manisss,manis
1427,"besar""",besar-besar
1428,"masing""",masing-masing
1429,ddlm,di dalam
1430,kmbali,kembali
1431,dkuburnya,dikuburnya
1432,fi,di
1433,ttg,tentang
1434,rata2,rata-rata
1435,lbih,lebih
1436,critamu,ceritamu
1437,ja,saja
1438,bres,beres
1439,cmkn,camkan
1440,diurusin,diurusi
1441,biarin,biarkan
1442,kale,kali
1443,donks,dong
1444,"membanding""",membanding-banding
1445,mengperbolehkan,memperbolehkan
1446,krena,karena
1447,ngri,negeri
1448,"dingin""",dingin-dingin
1449,lma,lama
1450,dibangga'in,dibangga-banggakan
1451,ngebolehin,membolehkan
1452,denger,dengar
1453,"jelek""in",menjelek-jelekkan
1454,stiap,setiap
1455,gausa,enggak usah
1456,maksain,memaksakan
1457,smog,semoga
1458,mnerima,menerima
1459,baikxa,baiknya
1460,aaamin,amin
1461,amienn,amien
1462,sekangen2,sekangen-kangen
1463,kt,kita
1464,amiiiiiiiiiinnnnnnn,amin
1465,nolongin,menolong
1466,amiiiiiiiiiiin,amin
1467,seluru,seluruh
1468,amiennn,amien
1469,tebir,ribet
1470,doangam,saja
1471,"tebir""",ribet-ribet
1472,amad,amat
1473,mkst,maksud
1474,wong2,wong-wong
1475,rempong,repot
1476,ngurusin,mengurusi
1477,kerjaan,pekerjaan
1478,bingittzz,banget
1479,bangets,banget
1480,ikh,ih
1481,dwh,deh
1482,nengok,menengok
1483,bante,bantai
1484,la,lah
1485,komenannya,komentarnya
1486,hadapin,menghadapi
1487,dengarin,mendengarkan
1488,ush,usah
1489,cock,cocok
1490,widihh,idih
1491,mantepp,mantap
1492,cita2,cita-cita
1493,temen-temen,teman-teman
1494,stu,satu
1495,syratnya,syaratnya
1496,pnjang,panjang
1497,shat,sehat
1498,inginkn,inginkan
1499,belanjaa,belanja
1500,burem,buram
1501,tlp,telepon
1502,dngan,dengan
1503,ngerasain,merasai
1504,kancang,kencang
1505,tmbh,tambah
1506,mansyoallah,masyaallah
1507,skali,sekali
1508,canttttikkk,cantik
1509,subhanalloh,subhanallah
1510,lkuin,lakukan
1511,langgenh,langgeng
1512,foto2nya,foto-fotonya
1513,tanggung2,tanggung-tanggung
1514,salluutt,salut
1515,pkai,pakai
1516,org2,orang-orang
1517,mkn,makin
1518,seneng,senang
1519,pdng,padang
1520,warbiyasah,luar biasa
1521,pk,pakai
1522,keedaannya,keadaannya
1523,lagu2,lagu-lagu
1524,saya2,saya-saya
1525,sekrng,sekarang
1526,lagu2nya,lagu-lagunya
1527,ttap,tetap
1528,spertinya,sepertinya
1529,mrah,marah
1530,gra2,gara-gara
1531,sngaja,sengaja
1532,jlek,jelek
1533,udah2,sudah-sudah
1534,ungkit2,ungkit-ungkit
1535,pura2,pura-pura
1536,gatau,enggak tau
1537,curhat2,curhat-curhat
1538,matany,matanya
1539,dteng,datang
1540,mata'y,matanya
1541,baju2,baju-baju
1542,buruannn,buruan
1543,emng,memang
1544,perubut,perebut
1545,sumai,suami
1546,tk,tidak
1547,urusin,urus
1548,apah,apa
1549,bagus2,bagus-bagus
1550,say,sayang
1551,mmbela,membela
1552,mslhnya,masalahnya
1553,hnya,hanya
1554,sndri,sendiri
1555,sj,saja
1556,llki,lelaki
1557,dluar,diluar
1558,sna,sana
1559,boleh2,boleh-boleh
1560,dya,dia
1561,maluuuu,malu
1562,beda2,beda-beda
1563,nyaranin,menyarankan
1564,x,kali
1565,tongolin,menongol
1566,cabol,cabul
1567,ape,apa
1568,nyet,monyet
1569,muna,munafik
1570,jing,anjing
1571,tot,entot
1572,nihh,nih
1573,hidiyah,hidayah
1574,percya,percaya
1575,bgi,bagi
1576,tlg,tolong
1577,sya,saya
1578,sdri,sendiri
1579,tdi,tadi
1580,mgkin,mungkin
1581,bhwa,bahwa
1582,skaligus,sekaligus
1583,cek2,cek-cek
1584,spti,seperti
1585,smakin,semakin
1586,sbgai,sebagai
1587,mgk,mungkin
1588,bgmn,bagaimana
1589,sapa2,sapa-sapa
1590,sama2,sama-sama
1591,kyknya,kayaknya
1592,pnya,punya
1593,dng,dengan
1594,termurahhh,termurah
1595,bbrp,beberapa
1596,bhw,bahwa
1597,banyaaaaaak,banyak
1598,baik2nya,baik-baiknya
1599,tunjukan,tunjukkan
1600,anak2mu,anak-anakmu
1601,anak2,anak-anak
1602,ngasih2,mengasih-ngasih
1603,berfikir,berpikir
1604,amit2,amit-amit
1605,mba,mbak
1606,elu,lu
1607,ngajuin,mengajukan
1608,tiba2,tiba-tiba
1609,jkt,jakarta
1610,terbaeq,terbaik
1611,namany,namanya
1612,jels,jelas
1613,diakibtkn,diakibatkan
1614,suk,suka
1615,jelek2,jelek-jelek
1616,dsrny,dasarnya
1617,jkrta,jakarta
1618,mantaap,mantap
1619,benar2,benar-benar
1620,main2,main-main
1621,lanjutkaaaaan,lanjutkan
1622,hiduppp,hidup
1623,ncek,encek
1624,majuuu,maju
1625,teruuss,terus
1626,kdg2,kadang-kadang
1627,looohh,loh
1628,sebelumbya,sebelumnya
1629,tunjukin,tunjukkan
1630,"tahun""",tahun-tahun
1631,koment,komentar
1632,nyampein,menyampaikan
1633,hokiii,hoki
1634,naksir,menaksir
1635,"bangt""",banget-banget
1636,nafkahin,menafkahi
1637,ngitem,menghitam
1638,banyaaaak,banyak
1639,"sama""",sama-sama
1640,gx,tidak
1641,lhat,lihat
1642,cantika,cantik
1643,cwek,cewek
1644,kngen,kangen
1645,fillm,film
1646,sinet,sinetron
1647,jendral,jenderal
1648,nanya,bertanya
1649,maenya,mainnya
1650,cantiks,cantik
1651,wktu,waktu
1652,pilm,film
1653,taon,tahun
1654,nd,indak
1655,slah,salah
1656,cini,sini
1657,jaaangan,jangan
1658,nambah,menambah
1659,naek,naik
1660,terimaksih,terima kasih
1661,inii,ini
1662,kaannnn,kan
1663,tidakkkk,tidak
1664,kemuh,kamu
1665,da,dah
1666,keren2,keren-keren
1667,sby,surabaya
1668,tgl,tanggal
1669,pinginnn,pengin
1670,buanget,banget
1671,ketemuuu,ketemu
1672,kebawa,terbawa
1673,mimpiii,mimpi
1674,wanjerrr,anjir
1675,satupunn,satupun
1676,motret,memotret
1677,temen2,teman-teman
1678,lapakk,lapak
1679,nyeniii,menyeni
1680,bget,banget
1681,seeh,sih
1682,abis,habis
1683,deuhh,duh
1684,b2an,berduaan
1685,dihargain,dihargai
1686,"engga""",enggak-enggak
1687,tahun2,tahun-tahun
1688,lebayy,lebay
1689,gilsss,gila
1690,nganbek,mengambek
1691,sukaa,suka
1692,enk,enak
1693,mendam,memendam
1694,manta,mantan
1695,relaaaa,rela
1696,bgun,bangun
1697,tdur,tidur
1698,cntk,cantik
1699,knl,kenal
1700,anugrah,anugerah
1701,slm,salam
1702,kliatan,kelihatan
1703,awoohhh,allah
1704,cantiikk,cantik
1705,gt,begitu
1706,sbbyak,sebanyak
1707,apun,apapun
1708,nyangkutnya,menyangkutnya
1709,untk,untuk
1710,ampunnnnn,ampun
1711,hy,hai
1712,wadaaw,waduh
1713,paraah,parah
1714,sampw,sampai
1715,dijelekin,dijelekkan
1716,napa,kenapa
1717,azeeeek,asik
1718,ntikk,cantik
1719,uhh,uh
1720,mayan,lumayan
1721,mnisss,manis
1722,tambahim,tambahkan
1723,tambahin,tambahkan
1724,"bener""",benar-benar
1725,make,memakai
1726,canttikkk,cantik
1727,baanggeettt,banget
1728,ap,apa
1729,siiihh,sih
1730,krpoooo,kepo
1731,pengn,pengin
1732,nyusul,menyusul
1733,nyok,yuk
1734,dekkk,dek
1735,ngiri,mengiri
1736,mmang,memang
1737,nentuin,menentukan
1738,mnjmput,menjemput
1739,ygs,sayang
1740,mblooo,jomblo
1741,ber'expresi,berekspresi
1742,jdulnya,judulnya
1743,ciumman,ciuman
1744,aurot,aurat
1745,laginy,laginya
1746,nyaaaaaaaaaaaaa,nya
1747,alkhamdulilah,alhamdulillah
1748,ktnya,katanya
1749,selaluu,selalu
1750,anjirrr,anjir
1751,ngeh,engah
1752,amen,amin
1753,qm,kamu
1754,nahhh,nah
1755,ngmngnya,mengomongnya
1756,sampai2,sampai-sampai
1757,hal2,hal-hal
1758,komunitas2,komunitas-komunitas
1759,fotony,fotonya
1760,halllo,halo
1761,ngiritya,mengiritnya
1762,hematt,hemat
1763,ciyeeee,cie
1764,yeeee,ya
1765,nget,banget
1766,kususnya,khususnya
1767,krm,kirim
1768,sam,sama
1769,ajaaahhhhh,saja
1770,syediiihhh,sedih
1771,malangg,malang
1772,belooomm,belum
1773,yaakk,ya
1774,kebukti,terbukti
1775,anak2e,anak-anaknya
1776,tuwanya,tuanya
1777,comen2nya,komen-komennya
1778,pedesssss,pedas
1779,jelas2,jelas-jelas
1780,skg,sekarang
1781,nyebut2,menyebut-nyebut
1782,plg,pulang
1783,smbil,sambil
1784,hellooooooo,halo
1785,ngrebut,merebut
1786,mnjdi,menjadi
1787,taek,tahi
1788,lupain,melupakan
1789,bangkret,bangkrut
1790,taekk,tahi
1791,lahhhhhh,lah
1792,kedokk,kedok
1793,"mati""an",mati-matian
1794,nyimak,menyimak
1795,komenx,komennya
1796,serem2,seram-seram
1797,"ngumpet""",mengumpet-ngumpet
1798,blim,belum
1799,sekrang,sekarang
1800,ngerebut,merebut
1801,mnjijikaaaaaan,menjijikkan
1802,astgfrlh,astagfirullah
1803,sahabatt,sahabat
1804,gnyngka,enggak menyangka
1805,sendirir,sendiri
1806,brengsekk,brengsek
1807,ngomentnya,mengomentarinya
1808,nusuk,menusuk
1809,skr,sekarang
1810,dpotong,dipotong
1811,helo,halo
1812,kmrin,kemarin
1813,ngmgin,mengomongkan
1814,bilangg,bilang
1815,gkhianati,mengkhianati
1816,kpd,kepada
1817,hr,hari
1818,sp,sapa
1819,pljaran,pelajaran
1820,spy,supaya
1821,mngikuti,mengikuti
1822,klkuan,kelakuan
1823,dibikin2,dibikin-bikin
1824,gimana,bagaimana
1825,nnt,nanti
1826,cew,cewek
1827,cow,cowok
1828,kasiannn,kasihan
1829,syekaliii,sekali
1830,hgga,hingga
1831,cieeeee,cie
1832,sholihah,salihah
1833,adeuh,aduh
1834,halahh,alah
1835,luu,lu
1836,yuuks,yuk
1837,yoo,ya
1838,ginian,beginian
1839,judulnyaa,judulnya
1840,ayoookkkkkk,ayo
1841,artix,artinya
1842,cewe,cewek
1843,cowo,cowok
1844,lt,lantai
1845,"nama""",nama-nama
1846,cwe,cewek
1847,serem,seram
1848,kepoin,kepo
1849,keluarin,keluarkan
1850,gajelas,enggak jelas
1851,mbak2,mbak-mbak
1852,pedes,pedas
1853,komentnya,komentarnya
1854,omongin,omongkan
1855,ngalirrrrr,mengalir
1856,idup,hidup
1857,nmbah,menambah
1858,terossss,terus
1859,ngehujat,menghujat
1860,dosaa,dosa
1861,ngebela,membela
1862,seindonesiyah,seindonesia
1863,seh,sih
1864,senyumin,senyumi
1865,mh,mah
1866,ngalir,mengalir
1867,ngrusak,merusak
1868,px,punya
1869,kslhn,kesalahan
1870,skrngnya,sekarangnya
1871,emang,memang
1872,kalik,kali
1873,bilangin,bilang
1874,nyambungin,menyambung
1875,sllu,selalu
1876,scra,secara
1877,nggali,menggali
1878,cmpur,campur
1879,dgr,dengar
1880,kurng,kurang
1881,nangiiiiis,menangis
1882,nangiiis,menangis
1883,ngomentarin,mengomentari
1884,idupnya,hidupnya
1885,ortunya,orang tuanya
1886,woey,woy
1887,bloghhh,goblok
1888,ngomongin,mengomongkan
1889,doank,saja
1890,"abal""",abal-abal
1891,dikata2in,dikata-katai
1892,ngehina,menghina
1893,gmna,bagaimana
1894,kebanggan,kebanggaan
1895,dah,deh
1896,jngn,jangan
1897,mnjawab,menjawab
1898,woooiiiiiiii,woy
1899,dosaaaaaaaaaa,dosa
1900,ingt,ingat
1901,karmaaa,karma
1902,woooiiiii,woy
1903,ngkkkkkk,mengakak
1904,makny,maknya
1905,wdooohhh,waduh
1906,kasihn,kasihan
1907,lhirr,lahir
1908,hujatann,hujatan
1909,palgi,apalagi
1910,wihhh,wih
1911,kakakkk,kakak
1912,bagusss,bagus
1913,jt,juta
1914,ngets,banget
1915,stp,setiap
1916,penbelian,pembelian
1917,cuaantik,cantik
1918,sukakkk,suka
1919,m,sama
1920,cucokkk,cocok
1921,lyt,lihat
1922,expresi,ekspresi
1923,natap,menatap
1924,ccok,cocok
1925,helloo,halo
1926,dripada,daripada
1927,difotoin,difoto
1928,psangan,pasangan
1929,cakepp,cakep
1930,ngiriii,mengiri
1931,coxok,cocok
1932,buatin,membuat
1933,nihhh,nih
1934,statusx,statusnya
1935,cem,macam
1936,yee,ya
1937,sunggu,sungguh
1938,lagiii,lagi
1939,ammiiin,amin
1940,haddeh,aduh
1941,maaasss,mas
1942,segerrrr,segar
1943,kemn,kemana
1944,suipit,sipit
1945,sipiit,sipit
1946,kedengeran,kedengaran
1947,semangaatt,semangat
1948,promil,program hamil
1949,lancr,lancar
1950,keputihn,keputihan
1951,gratisss,gratis
1952,kebayang,terbayang
1953,"mdh""",mudah-mudah
1954,bz,bisa
1955,amiinn,amin
1956,ammin,amin
1957,mendapatkn,mendapatkan
1958,lucuuuk,lucu
1959,amaattt,amat
1960,aje,saja
1961,yaoloh,yaallah
1962,ngerayain,merayakan
1963,sotoy,sok tau
1964,yok,yuk
1965,d.bikinin,dibikin
1966,mmz,mas
1967,bikinin,membikin
1968,bapeeeer,bawa perasaan
1969,keliatannya,kelihatannya
1970,siih,sih
1971,diginiin,dibeginikan
1972,hadeehh,aduh
1973,pu,punya
1974,suamiiiii,suami
1975,krenn,keren
1976,kebykan,kebanyakan
1977,tingal,tinggal
1978,pernikahn,pernikahan
1979,ngtain,mengatai
1980,macem,macam
1981,bagusnyeee,bagusnya
1982,kemaren,kemarin
1983,hmpir,hampir
1984,liatnyaaa,lihatnya
1985,waw,wow
1986,mbuh,embuh
1987,bsk,besok
1988,waaa,wah
1989,berbiiiiiihhh,barbie
1990,canteek,cantik
1991,teru,terus
1992,nyatok,mencatok
1993,nyampenya,sampainya
1994,goncengin,boncengkan
1995,kasi,kasih
1996,dianterin,diantar
1997,gebleg,geblek
1998,bosen,bosan
1999,anterin,antarkan
2000,ngantar,mengantar
2001,nganterin,mengantarkan
2002,mz,mas
2003,nerima,menerima
2004,ati2,hati-hati
2005,yeuh,ya
2006,kmn,kemana
2007,dianter,diantar
2008,disupirin,disopiri
2009,jidad,jidat
2010,ciee,cie
2011,novembr,november
2012,hri,hari
2013,bedain,membedakan
2014,genduut,gendut
2015,ehhh,eh
2016,bertatto,bertato
2017,brrt,berarti
2018,kana,kanan
2019,dtg,datang
2020,doong,dong
2021,sblah,sebelah
2022,tauuu,tau
2023,tengaj,tengah
2024,ps,pas
2025,gmpg,gampang
2026,engk,tidak
2027,apal,hapal
2028,dak,indak
2029,rupa2nya,rupa-rupanya
2030,kembaq,kembar
2031,tngh,tengah
2032,mknya,makanya
2033,prmpuan,perempuan
2034,ketuker,tertukar
2035,drimnanya,darimananya
2036,cntikan,cantikan
2037,edaaaan,edan
2038,syp,siapa
2039,bcnda,bercanda
2040,uhhh,uh
2041,bazengg,bajingan
2042,haiii,hai
2043,bosaan,bosan
2044,gitu2,begitu-gitu
2045,kmana2,kemana-mana
2046,hrsnya,harusnya
2047,sdg,sedang
2048,komentar2,komentar-komentar
2049,kenyataan2,kenyataan-kenyataan
2050,silahkan,silakan
2051,lwt,lewat
2052,sukur2,sukur-sukur
2053,baek2,baik-baik
2054,cma,cuma
2055,berbeda2,berbeda-beda
2056,dibkatakan,dikatakan
2057,doonk,dong
2058,pengikuy,pengikut
2059,ngmngin,mengomongkan
2060,sblmnya,sebelumnya
2061,maksd,maksud
2062,adkah,adakah
2063,menbelah,membelah
2064,ayuk,ayo
2065,mngira,mengira
2066,bertolernsi,bertoleransi
2067,slahkan,salahkan
2068,tolernsi,toleransi
2069,sbnarnya,sebenarnya
2070,ingi,ingin
2071,oalaaaa,walah
2072,menjelekan,menjelekkan
2073,hadeuuh,aduh
2074,dikemanain,dikemanakan
2075,aneh2,aneh-aneh
2076,bpknya,bapaknya
2077,baca2,baca-baca
2078,jwb,jawab
2079,komen2,komen-komen
2080,sebelum2nya,sebelum-sebelumnya
2081,sbagai,sebagai
2082,sedihh,sedih
2083,kangennnn,kangen
2084,gndakan,gandakan
2085,kangeeeeeeeenya,kangen
2086,gaa,tidak
2087,ganti'kn,menggantikan
2088,tnang,tenang
2089,amiiiiiiiiiiiiiiiiin,amin
2090,kgeeeen,kangen
2091,kangeenn,kangen
2092,bangeeeet,banget
2093,bsok,besok
2094,hbis,habis
2095,mti,mati
2096,bngetttt,banget
2097,kangeen,kangen
2098,bgect,banget
2099,"kebaikan""y",kebaikannya
2100,dssi,disisi
2101,kngenn,kangen
2102,kangeeeeennn,kangen
2103,lagii,lagi
2104,dasyat,dahsyat
2105,aer,air
2106,bgni,begini
2107,skalii,sekali
2108,gg,tidak
2109,dtinggl,ditinggal
2110,terbaiiikkkkk,terbaik
2111,murahhh,murah
2112,pecahhg,pecah
2113,kakakgh,kakak
2114,terbaeeeek,terbaik
2115,prempuan,perempuan
2116,manteep,mantap
2117,nggeh,engah
2118,indonesiaaa,indonesia
2119,inia,ini
2120,maluu,malu
2121,cobaaaa,coba
2122,dehhh,deh
2123,cepetan,cepatan
2124,ntapsss,mantap
2125,kamiiii,kami
2126,smangat,semangat
2127,qmu,kamu
2128,sdkit2,sedikit-sedikit
2129,tntg,tentang
2130,penyakitny,penyakitnya
2131,ngajarin,mengajari
2132,laenny,lainnya
2133,amiinnn,amin
2134,scpatny,secepatnya
2135,sampein,sampaikan
2136,tuany,tuanya
2137,doa2,doa-doa
2138,pjg,panjang
2139,adeeek,adek
2140,bca,baca
2141,netes,menetes
2142,mataq,mataku
2143,byangin,membayangkan
2144,trjadi,terjadi
2145,dposisi,diposisi
2146,tanda2nya,tanda-tandanya
2147,dijwb,dijawab
2148,tmn2nya,teman-temannya
2149,sayy,sayang
2150,salaam,salam
2151,ngajar,mengajar
2152,fto2,foto-foto
2153,laen,lain
2154,dallam,dalam
2155,tentanh,tentang
2156,nangiss,menangis
2157,nnton,menonton
2158,kejadianny,kejadiannya
2159,klg,keluarga
2160,sayaang,sayang
2161,msg2,masing-masing
2162,pgnnya,penginnya
2163,meluk,memeluk
2164,siiihhh,sih
2165,mupeng,muka pengin
2166,caya,percaya
2167,aduhhhhhhhhh,aduh
2168,buseett,buset
2169,mblo,jomblo
2170,lucuuu,lucu
2171,gagahx,gagahnya
2172,miriiiip,mirip
2173,kaliiii,kali
2174,niru,meniru
2175,bpkmu,bapakmu
2176,sangt,sangat
2177,baang,bang
2178,gasih,enggak sih
2179,yuu,yuk
2180,yuuu,yuk
2181,samaa,sama
2182,ngademin,mengademkan
2183,aahh,ah
2184,makasi,terima kasih
2185,looo,loh
2186,yokk,yuk
2187,gils,gila
2188,ono,sono
2189,weeeh,wih
2190,suksea,sukses
2191,temenan,berteman
2192,sehh,sih
2193,deket,dekat
2194,dekt,dekat
2195,genggg,geng
2196,yawloh,ya allah
2197,bhnya,bahannya
2198,loo,lo
2199,samaaaa,sama
2200,abanggku,abangku
2201,sayanggg,sayang
2202,dsni,disini
2203,ciieeeeeee,cie
2204,kokohh,engkoh
2205,pdhal,padahal
2206,takuttt,takut
2207,yuks,yuk
2208,pnjual,penjual
2209,yh,ya
2210,dung,dong
2211,latian,latihan
2212,aaaaaaakkk,ah
2213,mauuuu,mau
2214,soga,moga
2215,tteh,teteh
2216,sintron,sinetron
2217,astagaa,astaga
2218,ancurrr,hancur
2219,dblkang,dibelakang
2220,yayang,sayang
2221,gokillllll,gila
2222,aplks,aplikasi
2223,ska,suka
2224,ktawa,ketawa
2225,baguuus,bagus
2226,kaaan,kan
2227,ngepoin,mengepoi
2228,uuhh,uh
2229,beut,banget
2230,njirrr,anjir
2231,pengeeenn,pengin
2232,dongggg,dong
2233,hatii,hati
2234,besook,besok
2235,mauu,mau
2236,gtuu,begitu
2237,njayyy,anjay
2238,maacih,terima kasih
2239,tokayyy,tahi
2240,to,tapi
2241,mksdku,maksudku
2242,gituin,begitukan
2243,lgsung,langsung
2244,cba,coba
2245,nh,nih
2246,"ilang""",hilang-hilang
2247,giniin,beginikan
2248,ksini,kesini
2249,kubarikan,kuberikan
2250,ayank,sayang
2251,anyeng,anjing
2252,yankkk,sayang
2253,cukurrr,cukur
2254,gilaaaaaa,gila
2255,yhaaa,ya
2256,qaqaaaa,kakak
2257,sayangkuuuuu,sayangku
2258,kakakuuu,kakakku
2259,banx,bang
2260,edannn,edan
2261,bape,bawa perasaan
2262,"artis""",artis-artis
2263,ngelahirin,melahirkan
2264,paksain,memaksa
2265,biasaa,biasa
2266,hub,hubungan
2267,hubunggi,hubungi
2268,loooh,loh
2269,telimakacih,terima kasih
2270,nerawang,menerawang
2271,cantiiiik,cantik
2272,didapet,didapat
2273,tanya2,tanya-tanya
2274,pede,percaya diri
2275,kuningggg,kuning
2276,nyolot,menyolot
2277,elahh,alah
2278,pnting,penting
2279,bela2in,membela-bela
2280,marah2an,marah-marahan
2281,wlaupun,walaupun
2282,syantiiiiikkkkkkkkkkkk,cantik
2283,"bwa""",bawa-bawa
2284,agma,agama
2285,hijabb,hijab
2286,kerrennn,keren
2287,ngetik,mengetik
2288,ntah,entah
2289,pan,kapan
2290,mateeeek,mati
2291,geetoo,begitu
2292,sewain,menyewa
2293,kokkk,kok
2294,muluuu,melulu
2295,yaaang,yang
2296,iyaa,iya
2297,gituu,begitu
2298,yappp,ya
2299,uwahhhhh,wah
2300,bnr2,benar-benar
2301,psgn,pasangan
2302,ujg,ujung
2303,rmbut,rambut
2304,smp,sampai
2305,kki,kaki
2306,hayukk,hayo
2307,ntab,mantab
2308,atuhhh,atuh
2309,yukss,yuk
2310,lihaatttt,lihat
2311,niiiihh,nih
2312,liattt,lihat
2313,cuyyy,cuy
2314,gapernah,enggak pernah
2315,liatiii,lihat
2316,jombsss,jomblo
2317,emesshhh,gemas
2318,gemeessss,gemas
2319,poollll,pol
2320,gemesyak,gemas ya
2321,bngttt,banget
2322,ngegmesin,menggemaskan
2323,hndak,hendak
2324,hndk,hendak
2325,iiih,ih
2326,lutunaa,lucunya
2327,abiz,habis
2328,gemes,gemas
2329,ngareppppp,mengharap
2330,aamiinin,amin
2331,imuutt,imut
2332,abizzz,habis
2333,tay,tahi
2334,toketnya,teteknya
2335,tumpe2,tumpah-tumpah
2336,lenje,lenjeh
2337,tuuuuh,tuh
2338,cantinya,cantiknya
2339,macam2,macam-macam
2340,"mbak""",mbak-mbak
2341,ngatain,mengatai
2342,mbaknyaahh,mbaknya
2343,pyudara,payudara
2344,ditutupin,ditutupi
2345,bgitu,begitu
2346,ngomongnya,mengomongnya
2347,sich,sih
2348,cantiik2,cantik-cantik
2349,hati.a,hatinya
2350,mk.a,makanya
2351,mlt.a,mulutnya
2352,nyerocooooos,mencerocos
2353,kyk.a,kayaknya
2354,sklh,sekolah
2355,pljrn,pelajaran
2356,srng,sering
2357,ngilang,menghilang
2358,dikatain,dikatai
2359,maluuu,malu
2360,ngalahin,mengalahkan
2361,brisi,berisi
2362,pkoknya,pokoknya
2363,canti,cantik
2364,astagfirullh,astagfirullah
2365,nutupin,menutupi
2366,ori,orisinal
2367,kakakaaaaaaaaaaaaaa,kakak
2368,cantikkkkkkkk,cantik
2369,batwc,banget
2370,kamyuhhh,kamu
2371,dbwh,dibawah
2372,bukti2,bukti-bukti
2373,senenggg,senang
2374,mao,mau
2375,murhan,murahan
2376,prwtn,perawatan
2377,wjh,wajah
2378,bgettt,banget
2379,mereka2,mereka-mereka
2380,pakke,pakai
2381,dipake,dipakai
2382,ktergantungan,ketergantungan
2383,prwatn,perawatan
2384,ngebuktiin,membuktikan
2385,hslnya,hasilnya
2386,awal2,awal-awal
2387,setabil,stabil
2388,maksih,terima kasih
2389,gratiss,gratis
2390,bbrpa,beberapa
2391,"gara""",gara-gara
2392,"benar""",benar-benar
2393,ajaibb,ajaib
2394,pokonya,pokoknya
2395,setujuuu,setuju
2396,digituin,dibegitukan
2397,sekolahin,sekolahkan
2398,ajarin,ajarkan
2399,sendirii,sendiri
2400,mrnghadapi,menghadapi
2401,apalg,apalagi
2402,naka,nakal
2403,sdkt,sedikit
2404,besar2in,besar-besarkan
2405,bgmana,bagaimana
2406,s*inetr*n,sinetron
2407,mrusak,merusak
2408,mndpt,mendapat
2409,skt,sakit
2410,sebnyak,sebanyak
2411,terburu2,terburu-buru
2412,baik2,baik-baik
2413,ngumpat2,mengumpat-ngumpat
2414,nantangin,menantang
2415,ngegampar,menggampar
2416,ngelaporin,melaporkan
2417,salahin,salahkan
2418,gabisa,enggak bisa
2419,konsekwensi,konsekuensi
2420,muliany,mulianya
2421,mungki,mungkin
2422,lngsung,langsung
2423,tsb,tersebut
2424,t4,tempat
2425,bacahalah,bacalah
2426,dikerasin,dikerasi
2427,gkkan,enggak akan
2428,ngulangin,mengulangi
2429,bedaa,beda
2430,pnyaa,punya
2431,bol3h,boleh
2432,ngadu,mengadu
2433,ketauan,ketahuan
2434,dimarahin,dimarahi
2435,nyelesain,menyelesaikan
2436,troma,trauma
2437,kerasin,kerasi
2438,kamu2,kamu-kamu
2439,cewer,jewer
2440,bilanh,bilang
2441,jwban,jawaban
2442,nuduh,menuduh
2443,ngatur,mengatur
2444,rajin2,rajin-rajin
2445,bacaaaa,baca
2446,kekk,kayak
2447,jungkiir,jungkir
2448,gunaa,guna
2449,bales2in,balas-membalas
2450,orangg,orang
2451,tauuuu,tau
2452,byak,banyak
2453,kepad,kepada
2454,bantuanny,bantuannya
2455,ttinggi,tinggi
2456,perna,pernah
2457,grgr,gara-gara
2458,jari2,jari-jari
2459,pukulin,pukuli
2460,bengkak2,bengkak-bengkak
2461,komentarin,mengomentari
2462,bijak2,bijak-bijak
2463,lama2,lama-lama
2464,menurur,menurut
2465,tipe2,tipe-tipe
2466,diliat,dilihat
2467,liatlah,lihatlah
2468,teguran2,teguran-teguran
2469,gr2,gara-gara
2470,gamau,enggak mau
2471,skolah,sekolah
2472,pdahal,padahal
2473,klas,kelas
2474,tkut,takut
2475,grunya,gurunya
2476,pndah,pindah
2477,liat2,lihat-lihat
2478,masukin,memasuki
2479,dilindungin,dilindungi
2480,kasiaannn,kasihan
2481,miring2,miring-miring
2482,tinggalin,tinggalkan
2483,kaitannha,kaitannya
2484,sud,sudah
2485,pinter,pintar
2486,rana,ranah
2487,thdp,terhadap
2488,scr,secara
2489,bhkn,bahkan
2490,justeru,justru
2491,ngatai,mengatai
2492,kln,kalian
2493,sukak,suka
2494,termuraaahhhh,termurah
2495,brkunjun,berkunjung
2496,suarranya,suaranya
2497,"bner""",benar-benar
2498,iu,itu
2499,bgussss,bagus
2500,kmaren,kemarin
2501,ambilin,mengambil
2502,biasaaaa,biasa
2503,luuuaar,luar
2504,redho,ridho
2505,rezki,rezeki
2506,kepd,kepada
2507,luaarrr,luar
2508,biasaaa,biasa
2509,jadilh,jadilah
2510,bnr,benar
2511,terhaaru,terharu
2512,orrunya,orang tuanya
2513,flm,film
2514,kalok,kalo
2515,adek2,adek-adek
2516,loncatt,loncat
2517,hampasss,hempas
2518,tehh,teh
2519,bunga2,bunga-bunga
2520,apaaan,apaan
2521,ampuuunn,ampun
2522,daaah,dah
2523,bangetttttt,banget
2524,ituh,itu
2525,cantiiikk,cantik
2526,suaranyaaaaaa,suaranya
2527,idoolaaa,idola
2528,pulaa,pula
2529,penyanyi2,penyanyi-penyanyi
2530,wiih,wih
2531,apaa,apa
2532,miriip,mirip
2533,allaahh,allah
2534,ajahhh,saja
2535,trims,terima kasih
2536,dehat,sehat
2537,salammmm,salam
2538,hari2,hari-hari
2539,sihat,sehat
2540,buruann,buruan
2541,rekomendain,rekomendasikan
2542,trussss,terus
2543,bangt,banget
2544,cepet,cepat
2545,pesen,pesan
2546,boong,bohong
2547,prawatan,perawatan
2548,mkin,makin
2549,dimao,dimau
2550,dijadiin,dijadikan
2551,silahkn,silakan
2552,kasiatnya,khasiatnya
2553,"minyak""an",minyak-minyakan
2554,suksess,sukses
2555,prodak,produk
2556,trasa,terasa
2557,minpi,mimpi
2558,bner2,benar-benar
2559,mutihin,memutihkan
2560,smster,semester
2561,kmren,kemarin
2562,ucull,lucu
2563,"ngomong""",ngomong-ngomong
2564,udehh,sudah
2565,syngnya,sayangnya
2566,dipermainin,dipermainkan
2567,kocakkk,kocak
2568,dasarrr,dasar
2569,waaaaw,wow
2570,cannnnntikkkkkkk,cantik
2571,mukax,mukanya
2572,cantikx,cantiknya
2573,fatanik,fanatik
2574,protestin,protestan
2575,kakau,kalau
2576,marh,marah
2577,emngnya,memangnya
2578,cantiknyaa,cantiknya
2579,darpada,daripada
2580,cooooooocok,cocok
2581,pkk,pakai
2582,sling,saling
2583,agama'ny,agamanya
2584,bilng,bilang
2585,prcy,percaya
2586,lurusin,meluruskan
2587,biri,biru
2588,luco,lucu
2589,ultha,ultah
2590,batikk,batik
2591,arab2,arab-arab
2592,luchu,lucu
2593,baguss,bagus
2594,sedihhh,sedih
2595,syang,sayang
2596,ngasi,mengasih
2597,naaaak,nak
2598,astafirullah,astagfirullah
2599,peragain,peragakan
2600,shayyy,say
2601,anjaayy,anjay
2602,shay,say
2603,ngilerrrr,mengiler
2604,woyyy,woy
2605,shaaaay,say
2606,hempaass,hempas
2607,sayyy,say
2608,shayy,say
2609,syantiek,cantik
2610,njay,anjay
2611,hehh,eh
2612,cantik2,cantik-cantik
2613,kam,kamu
2614,ingeet,ingat
2615,sblh,sebelah
2616,nawarin,menawari
2617,amiiiiin,amin
2618,jauhhh,jauh
2619,waaahhh,wah
2620,ajakin,mengajak
2621,mntn,mantan
2622,ade,adek
2623,luhhh,lu
2624,yooookkk,yuk
2625,jrnk,jarang
2626,"jelas""",jelas-jelas
2627,kayax,kayak
2628,dblkng,dibelakang
2629,anjirr,anjir
2630,mirippp,mirip
2631,sangattt,sangat
2632,iyap,iya
2633,mayann,lumayan
2634,autuhh,tau tuh
2635,atutt,takut
2636,ketara,tertara
2637,giniii,begini
2638,mbaaass,mbak
2639,bund,bunda
2640,bangeeettt,banget
2641,almh,almarhumah
2642,temenkuuh,temanku
2643,suami'y,suaminya
2644,bngeeeetttt,banget
2645,entr,entar
2646,kyax,kayak
2647,cuantikkk,cantik
2648,mksdnya,maksudnya
2649,kaaaaaaaaaakkkkkkkkkkk,kak
2650,kucing'y,kucingnya
2651,nama'in,namai
2652,panggilan'ya,panggilannya
2653,panggilan'y,panggilannya
2654,z,saja
2655,kalw,kalau
2656,tips2,tips-tips
2657,alu,aku
2658,ngerrrriiii,ngeri
2659,ngriii,mengiri
2660,amatt,amat
2661,smpai,sampai
2662,kox,kok
2663,tmbah,tambah
2664,cntikk,cantik
2665,pkee,pakai
2666,smkin,semakin
2667,amiiiiinnn,amin
2668,bgmna,bagaimana
2669,ssorg,seseorang
2670,hdpn,hadapan
2671,foto2,foto-foto
2672,mnambh,menambah
2673,ktaatan,ketaatan
2674,stju,setuju
2675,cantikkkkkk,cantik
2676,dilepas2,dilepas-lepas
2677,tehhh,teh
2678,istiqomahhh,istikamah
2679,tehhhh,teh
2680,prodaknya,produknya
2681,imutt,imut
2682,amu,kamu
2683,nahh,nah
2684,mauuuuuuu,mau
2685,jilbb,jilbab
2686,tmn,teman
2687,ndut,gendut
2688,ngecek,mengecek
2689,psti,pasti
2690,penasarn,penasaran
2691,cuyy,cuy
2692,astauviruloh,astagfirullah
2693,paaak,pak
2694,diajarin,diajari
2695,gawl,gaul
2696,kecr,kece
2697,iih,ih
2698,laaaah,lah
2699,aned,banget
2700,gingsungny,gingsulnya
2701,blh,boleh
2702,cariin,carikan
2703,kenceng,kencang
2704,cuanti,cantik
2705,mbanya,mbaknya
2706,knlan,kenalan
2707,mbaakk,mbak
2708,mrka,mereka
2709,nyusahhin,menyusahkan
2710,byaran,bayaran
2711,wlawpun,walaupun
2712,sedangkn,sedangkan
2713,tnpa,tanpa
2714,bnggain,banggakan
2715,nyusahin,menyusahkan
2716,malu2in,malu-malui
2717,dibanggain,dibanggakan
2718,wlau,walau
2719,komenan,komentar
2720,"bangga""in",membangga-banggakan
2721,krya,karya
2722,"bilang""",bilang-bilang
2723,tinggall,tinggal
2724,dmna,dimana
2725,dripda,daripada
2726,bangga2in,membangga-banggakan
2727,dibnggain,dibanggakan
2728,karya2,karya-karya
2729,drimana,darimana
2730,ngepake',memakai
2731,gksalah,enggak salah
2732,nuntut,menuntut
2733,ngebiarin,membiarkan
2734,bhas,bahas
2735,lagu'y,lagunya
2736,jadiin,jadikan
2737,diem,diam
2738,nyampah,menyampah
2739,"mba""",mbak-mbak
2740,bukan'a,bukannya
2741,tappi,tapi
2742,kalli,kali
2743,pacara,pacaran
2744,"ngerebut""",merebut-rebut
2745,lluu,lu
2746,mbaa,mbak
2747,ngerussak,merusak
2748,"bela""in",membela-bela
2749,bellain,membela
2750,kallo,kalo
2751,coment,komentar
2752,dewassa,dewasa
2753,comnet,komen
2754,"pikir""",pikir-pikir
2755,kaya'a,kayanya
2756,kuyyy,yuk
2757,kitaa,kita
2758,sgtu'y,sebegitunya
2759,ngebelain,membela
2760,tpii,tapi
2761,"karya""",karya-karya
2762,do,di
2763,cali,caci
2764,penghrgaan,penghargaan
2765,ajjh,saja
2766,lbihh,lebih
2767,baikk,baik
2768,drii,dari
2769,"artist""",artis-artis
2770,"maki""",maki-maki
2771,sendirinnya,sendirinya
2772,stidaknya,setidaknya
2773,may,mau
2774,trbaikk,terbaik
2775,punn,pun
2776,mengikutii,mengikuti
2777,atassan,atasan
2778,klauu,kalau
2779,jngnn,jangan
2780,so,sok
2781,sendirinyya,sendirinya
2782,frestasiii,prestasi
2783,mst,mesti
2784,add,ada
2785,see,sih
2786,sibukx,sibuknya
2787,in,ini
2788,katanyaa,katanya
2789,lawaaaas,lawas
2790,kocaaaak,kocak
2791,syng,sayang
2792,adenya,adeknya
2793,pkoknyaa,pokoknya
2794,dsana,disana
2795,dua2nya,dua-duanya
2796,sichhhhhhhhhh,sih
2797,nampak,menampak
2798,tetehh,teteh
2799,wooowww,wow
2800,cobain,mencoba
2801,muga,moga
2802,kenalin,memperkenalkan
2803,janka,jangka
2804,wawwwww,wow
2805,waaaww,wow
2806,waaawwww,wow
2807,mantapp,mantap
2808,cobaaa,coba
2809,kageet,kaget
2810,bangettttttt,banget
2811,oplas,operasi plastik
2812,nambahh,bertambah
2813,paripurnahh,paripurna
2814,wanitah,wanita
2815,indonesiaah,indonesia
2816,cumn,cuman
2817,gegra,gegara
2818,brita,berita
2819,fotbar,foto bareng
2820,wajarrr,wajar
2821,sngt,sangat
2822,wk,waktu
2823,bingiittt,banget
2824,nampar,menampar
2825,tukan,tukang
2826,jatoh,jatuh
2827,"muka""",muka-muka
2828,cantik2nya,cantik-cantiknya
2829,sdgkn,sedangkan
2830,"apa""",apa-apa
2831,mancungin,memancungkan
2832,idung,hidung
2833,kusem,kusam
2834,drpada,daripada
2835,kmar,kamar
2836,diemm,diam
2837,tnggu,tunggu
2838,ketawain,mentertawakan
2839,yaelahhh,alah
2840,"sikap""",sikap-sikap
2841,bales,balas
2842,ampuun,ampun
2843,ngejatuhin,manjatuhkan
2844,ngelakuin,melakukan
2845,gedeg,gedek
2846,muka2,muka-muka
2847,eey,eh
2848,kslahan,kesalahan
2849,perhatiam,perhatian
2850,dibiarin,dibiarkan
2851,sbnrny,sebenarnya
2852,trjd,terjadi
2853,mkir,memikir
2854,hny,hanya
2855,apalai,apalagi
2856,bkal,bakal
2857,saat2,saat-saat
2858,nyadar,menyadar
2859,bka,buka
2860,berani2,berani-berani
2861,lucuuuuu,lucu
2862,pipi'y,pipinya
2863,gemmeeezzz,gemas
2864,sukam,suka
2865,menghilangkn,menghilangkan
2866,mnjdkan,menjadikan
2867,mudah2n,mudah-mudahan
2868,stlh,setelah
2869,soalx,soalnya
2870,keche,kece
2871,badaii,badai
2872,btuh,butuh
2873,ktanya,katanya
2874,bebrp,beberapa
2875,sblum,sebelum
2876,santab,santap
2877,salehah,salihah
2878,mikirin,memikirkan
2879,subhannallah,subhanallah
2880,konsul,konsultasi
2881,pengalam,pengalaman
2882,poko,pokok
2883,trun,turun
2884,kuninggg,kuning
2885,pinkkkk,pink
2886,warnany,warnanya
2887,seger,segar
2888,senangat,semangat
2889,msknya,masaknya
2890,kerennnn,keren
2891,ciptain,menciptakan
2892,bagussss,bagus
2893,sayangkuh,sayangku
2894,gans,ganteng
2895,kren,keren
2896,babget,banget
2897,dihh,dih
2898,jadu,jadi
2899,ksyngn,kesayangan
2900,haru,harus
2901,ngingetin,mengingatkan
2902,narik,menarik
2903,"orang""",orang-orang
2904,gokilll,gila
2905,astagaaaa,astaga
2906,hancuuuuuy,hancur
2907,mattihhh,mati
2908,beudd,banget
2909,termiribkan,termiripkan
2910,dngerin,mendengarkan
2911,brrti,berarti
2912,wenakk,enak
2913,nganteng,ganteng
2914,abanggg,abang
2915,seksii,seksi
2916,gtuh,begitu
2917,jadii,jadi
2918,emeezzz,gemas
2919,amohhh,kamu
2920,maau,mau
2921,eyke,aku
2922,gilakkkkk,gila
2923,awk,awak
2924,duhhhhh,duh
2925,wowww,wow
2926,liaatt,lihat
2927,iniiiii,ini
2928,aloh,allah
2929,ngettt,banget
2930,maso,masa
2931,brubah,berubah
2932,pelastik,plastik
2933,keak,kayak
2934,dengerin,mendengarkan
2935,beud,banget
2936,pahamin,memahami
2937,takuuuuut,takut
2938,ahahahanjirrr,anjir
2939,jogetin,berjoget
2940,shaay,say
2941,boker,berak
2942,pacarnyaa,pacarnya
2943,siapaa,siapa
2944,matii,mati
2945,ketawaa,ketawa
2946,wanjiir,anjir
2947,bw,bawa
2948,minta,meminta
2949,bnran,benaran
2950,sgla,segala
2951,uitnya,duitnya
2952,beliiin,belikan
2953,yaaah,ya
2954,sekaeang,sekarang
2955,tgk,tengok
2956,tanyain,tanyakan
2957,jatuhnyaa,jatuhnya
2958,banyakin,membanyaki
2959,tipu2nya,tipu-tipunya
2960,doaang,saja
2961,gituan,begituan
2962,kaj,kak
2963,wahhhhhh,wah
2964,iiiiiiiii,ih
2965,kaliiiiiii,kali
2966,melebihin,melebihi
2967,gakpapa,enggak apa-apa
2968,kalogak,kalo enggak
2969,sm2,sama-sama
2970,ndukung,mendukung
2971,kaaaaa,kak
2972,aamiinnn,amin
2973,skluarga,sekeluarga
2974,suaminga,suaminya
2975,berhijap,berhijab
2976,smgaa,semoga
2977,istiqamah,istikamah
2978,cuaaantikk,cantik
2979,muraaaaah,murah
2980,baraang,barang
2981,aamiiin,amin
2982,bets,banget
2983,alhamdulillaaaaah,alhamdulillah
2984,sembuhin,menyembuhkan
2985,pengrusak,perusak
2986,ngoceh,mengoceh
2987,aduhhh,aduh
2988,hpus,hapus
2989,pjang,pajang
2990,bdampingan,berdampingan
2991,kaga,kagak
2992,uih,uh
2993,"serem""",seram-seram
2994,"happi""",hepi-hepi
2995,bgtuu,begitu
2996,mff,maaf
2997,ktwa,ketawa
2998,trlalu,terlalu
2999,jjur,jujur
3000,ngmg,mengomong
3001,semogaa,semoga
3002,kepelesett,terpeleset
3003,geeelaakk,gila
3004,bolang,bocah petualang
3005,pkek,pakai
3006,lagihh,lagi
3007,hedeuuhh,aduh
3008,stress,stres
3009,saltummmm,salah kostum
3010,mboizzz,bois
3011,suda,sudah
3012,kayaq,kayak
3013,ema,emak
3014,dirumahny,dirumahnya
3015,yuh,tuh
3016,rmbt,rambut
3017,apus,hapus
3018,siapayahh,siapa ya
3019,kostom,kostum
3020,gnii,begini
3021,atuu,satu
3022,pipinyaaa,pipinya
3023,bungkuuuuuuuuusss,bungkus
3024,iiiihhhhhj,ih
3025,emeessss,gemas
3026,pipine,pipinya
3027,glembeeeer,gelambir
3028,lucunaaa,lucunya
3029,cubanget,lucu banget
3030,pengenn,pengin
3031,unyuuk,unyu
3032,dedek,adek
3033,lucunyah,lucunya
3034,mantaaap,mantap
3035,keduaa,kedua
3036,trsrh,terserah
3037,ksih,kasih
3038,seterong,setrong
3039,teyuss,terus
3040,dimasukin,dimasuki
3041,jelekin,menjelekkan
3042,jahatin,menjahati
3043,tai,tahi
3044,gtw,enggak tau
3045,qo,kok
3046,nulis,menulis
3047,nyebutin,menyebutkan
3048,ngertiin,mengerti
3049,rasaiin,rasai
3050,gakusah,enggak usah
3051,disni,disini
3052,sabarrr,sabar
3053,semangaatttt,semangat
3054,nyalahin,menyalahkan
3055,bedainnya,membedakannya
3056,keknya,kayaknya
3057,krus,kurus
3058,elaaaahhhh,alah
3059,cogan,cowok ganteng
3060,tap8,tapi
3061,pandanginya,memandanginya
3062,kenaliiin,kenalkan
3063,banyak2,banyak-banyak
3064,yo,ya
3065,suko,suka
3066,niih,nih
3067,sihhhh,sih
3068,"sebaik""",sebaik-baik
3069,segtu,sebegitu
3070,ngebenci,membenci
3071,bakar2in,bakar-bakari
3072,padhe,pakde
3073,yya,ya
3074,atw,atau
3075,dosa2mu,dosa-dosamu
3076,maafin,memaafi
3077,gile,gila
3078,ujung2,ujung-ujung
3079,dalem2,dalam-dalam
3080,kgak,kagak
3081,bahas2,bahas-bahas
3082,ud,sudah
3083,woles,selow
3084,hianatin,khianati
3085,halangin,halangi
3086,iyuh,ih
3087,iyuuuhhhh,ih
3088,gaje,enggak jelas
3089,gabakal,enggak bakal
3090,adapin,menghadapi
3091,ngehakimi,menghakimi
3092,ngejuangin,memperjuangkan
3093,dipojokin,dipojokkan
3094,bacotin,bacoti
3095,berati,berarti
3096,kebangetak,kebangetan
3097,tangkep,tangkap
3098,bt,buat
3099,sadis2,sadis-sadis
3100,maksir,menaksir
3101,hebatt,hebat
3102,pndang,pandang
3103,pmbelajaran,pembelajaran
3104,ngejelek,menjelekkan
3105,maslah,masalah
3106,mmperbaiki,memperbaiki
3107,nahan,menahan
3108,kafeh,kafe
3109,remang2,remang-remang
3110,mlh,malah
3111,tinggl,tinggal
3112,dirmh,dirumah
3113,iyuuhhh,ih
3114,ktika,ketika
3115,dipuja2,dipuja-puja
3116,ngrasain,merasai
3117,ityl,itil
3118,hbs,habis
3119,marah2,marah-marah
3120,wenak,enak
3121,ngarang,mengarang
3122,kelas'a,kelasnya
3123,hadeeehhh,aduh
3124,"kecil""",kecil-kecil
3125,"gtu""an",begitu-gituan
3126,gmanapun,bagaimanapun
3127,kr,kira
3128,nenek2,nenek-nenek
3129,taux,taunya
3130,urat2nya,urat-uratnya
3131,ketarik,tertarik
3132,ngorbanin,mengorbankan
3133,eksprsi,ekspresi
3134,gitulah,begitulah
3135,"foto""",foto-foto
3136,mamas,mas
3137,bandingin,bandingkan
3138,tua2,tua-tua
3139,terus2an,terus-terusan
3140,waduhh,waduh
3141,"bawa""",bawa-bawa
3142,badingkan,membandingkan
3143,ngurus,mengurus
3144,lanjutin,lanjutkan
3145,ributin,meributkan
3146,brantem,berantem
3147,belain,membela
3148,lipetan,lipatan
3149,"nenek""",nenek-nenek
3150,bneraan,benaran
3151,kageeet,kaget
3152,sangaaattt,sangat
3153,rmbuut,rambut
3154,nt,nanti
3155,walik,balik
3156,oma2,oma-oma
3157,kellen,kalian
3158,nyerocos,mencerocos
3159,ibuk2,ibu-ibu
3160,ngomenin,mengomentari
3161,iseng2,iseng-iseng
3162,niyyyyhhhh,nih
3163,sexi2,seksi-seksi
3164,blik,balik
3165,kenape,kenapa
3166,ladenin,meladeni
3167,skit,sakit
3168,hat,hati
3169,jilbabnye,jilbabnya
3170,ledkin,meledeki
3171,digabtikan,digantikan
3172,jng,jangan
3173,ngumung,mengomong
3174,ilang-in,hilangkan
3175,prinadi,pribadi
3176,luh,lu
3177,yep,ya
3178,helooooo,halo
3179,loe,lo
3180,palingann,palingan
3181,berjinah,berzina
3182,munaafikk,munafik
3183,urusn,urusan
3184,saudra,saudara
3185,trganggu,terganggu
3186,bhijab,berhijab
3187,lepasin,melepas
3188,smentara,sementara
3189,waduhhh,waduh
3190,ursan,urusan
3191,sudab,sudah
3192,dwsa,dewasa
3193,rpt2,repot-repot
3194,ngaji,mengaji
3195,nmr,nomor
3196,romantiz,romantis
3197,murmer,murah meriah
3198,pensaran,penasaran
3199,baru2,baru-baru
3200,yuukk,yuk
3201,kitaaa,kita
3202,lainnyaa,lainnya
3203,perbulannn,perbulan
3204,penyebab2,penyebab-penyebab
3205,nyupir,menyopir
3206,steess,stres
3207,kwatir,kawatir
3208,tengah2,tengah-tengah
3209,duetin,duet
3210,mudaa,muda
3211,sebenernya,sebenarnya
3212,silsturahmi,silaturahmi
3213,dijkt,dijakarta
3214,cums,cuma
3215,undangan2,undangan-undangan
3216,past,pasti
3217,ayukk,yuk
3218,ngucapin,mengucapkan
3219,filmny,filmnya
3220,ntn,menonton
3221,nobar,menonton bareng
3222,kemariin,kemarin
3223,knpp,kenapa
3224,lggi,lagi
3225,gaprgi,enggak pergi
3226,aaahh,ah
3227,pa2,apa-apa
3228,dtunggu,ditunggu
3229,masa2,masa-masa
3230,kepikir,terpikir
3231,seruuu,seru
3232,emeshh,gemas
3233,kaya,kayak
3234,astagaaaaaa,astaga
3235,pacarn,pacaran
3236,ktg,kita
3237,pacaranya,pacarannya
3238,mbaak,mbak
3239,ngalah,mengalah
3240,de,deh
3241,pacarane,pacarannya
3242,rusakkk,rusak
3243,yaaampunnn,ya ampun
3244,tuwek,tua
3245,mukae,mukanya
3246,ultahe,ultahnya
3247,kliatanya,kelihatannya
3248,pcaranya,pacarannya
3249,bermaksut,bermaksud
3250,tampialannya,tampilannya
3251,nikaah,nikah
3252,"anak""",anak-anak
3253,pankapan,kapan-kapan
3254,ngumbar,mengumbar
3255,dhpusin,dihapuskan
3256,istiqomah,istikamah
3257,mnutup,menutup
3258,bngatt,banget
3259,dii,di
3260,ooh,oh
3261,hapusin,hapuskan
3262,lohhh,loh
3263,ngeuh,engah
3264,sneng,senang
3265,mutusin,memutuskan
3266,ngapus,menghapus
3267,awl,awal
3268,hrus,harus
3269,bngkit,bangkit
3270,mncoba,mencoba
3271,wahhh,wah
3272,mutuain,memutuskan
3273,smw,semua
3274,geuliiiiiiis,geulis
3275,euyyyyy,euy
3276,uuh,uh
3277,ngirim,mengirim
3278,ngidam,mengidam
3279,waah,wah
3280,sampis,sampah habis
3281,maapin,maafi
3282,ngebala,bala
3283,mampuussss,mampus
3284,diihhhh,dih
3285,hrusnya,harusnya
3286,sabal,sabar
3287,udahlah,sudahlah
3288,kauuuu,kau
3289,sabaro,sabar
3290,eehhh,eh
3291,iiii,ih
3292,kreative,kreatif
3293,bangrt,banget
3294,azekkkk,asik
3295,kuaaatt,kuat
3296,bhet,banget
3297,inggrisny,inggrisnya
3298,dsna,disana
3299,iyaap,iya
3300,mksih,terima kasih
3301,nga,tidak
3302,canyk,cantik
3303,prodac,produk
3304,nyesell,menyesal
3305,ciyusss,serius
3306,cyin,cinta
3307,bangetttttttt,banget
3308,sexi,seksi
3309,bundaaaa,bunda
3310,bangget,banget
3311,bettt,banget
3312,cantiiillx,cantik
3313,brapa,berapa
3314,alaami,alami
3315,sabaarrr,sabar
3316,cantiiiikk,cantik
3317,bangeeeeetttt,banget
3318,cannntikk,cantik
3319,banggett,banget
3320,thnan,tahunan
3321,cuantik,cantik
3322,segerr,segar
3323,wouww,wow
3324,cantiiikkk,cantik
3325,pen,pengin
3326,catokin,catok
3327,ikut2an,ikut-ikutan
3328,comment2nya,komentar-komentarnya
3329,teman2,teman-teman
3330,besar2an,besar-besaran
3331,knsul,konsultasi
3332,brhasil,berhasil
3333,hilangin,menghilangkan
3334,kontak2,kontak-kontak
3335,dptnya,dapatnya
3336,applikasi,aplikasi
3337,kereeeeen,keren
3338,bngeet,banget
3339,gemesinnnnn,menggemaskan
3340,ongkiir,ongkir
3341,ajaibbbbb,ajaib
3342,saayyyyy,say
3343,lohhhh,loh
3344,ganteung,ganteng
3345,bhgia,bahagia
3346,iiiiiiiiii,ih
3347,lucuukk,lucu
3348,keciil,kecil
3349,yakinn,yakin
3350,pentass,pentas
3351,ngarep,mengharap
3352,lucu2,lucu-lucu
3353,testinya,testimoninya
3354,mengirusi,mengurusi
3355,khdpn,kehidupan
3356,ngelawan,melawan
3357,betuuuuulllllllllllllllll,betul
3358,bisax,bisanya
3359,klmbutan,kelembutan
3360,seburuk2,seburuk-buruk
3361,diingetin,diingatkan
3362,ngeriiiiii,ngeri
3363,nich,nih
3364,akhlah,akhlak
3365,elo2,lo-lo
3366,mandiin,memandikan
3367,nguburin,menguburkan
3368,ngebedain,membedakan
3369,urusanny,urusannya
3370,tuhanny,tuhannya
3371,brtngkar,bertengkar
3372,pndapat,pendapat
3373,looh,loh
3374,sharusnya,seharusnya
3375,mngkannya,mangkanya
3376,nyia2in,menyia-nyiakan
3377,brarti,berarti
3378,mndpat,mendapat
3379,kpuasan,kepuasan
3380,sgampang,segampang
3381,mlepaskan,melepaskan
3382,trll,terlalu
3383,sndr,sendiri
3384,sellow,selow
3385,sbbrnya,sebenarnya
3386,kasar2,kasar-kasar
3387,semangattt,semangat
3388,testi,testimoni
3389,banyaak,banyak
3390,bujukk,bujuk
3391,d.apa,diapa
3392,apain,apai
3393,dsar,dasar
3394,benetaran,benaran
3395,bneran,benaran
3396,si,sih
3397,kraya,karya
3398,brg,bareng
3399,ngebantu,membantu
3400,janjutin,lanjutkan
3401,kepppoin,kepoi
3402,recommendasi,rekomendasi
3403,btulan,betulan
3404,kha,kah
3405,s,si
3406,tutupin,menutupi
3407,wik,wig
3408,ithu,itu
3409,botakin,botaki
3410,botakkkk,botak
3411,bnrn,benaran
3412,week,wig
3413,gawul,gaul
3414,modes,modis
3415,brayyy,bray
3416,kcantikan,kecantikan
3417,bronis,brondong manis
3418,gapunya,enggak punya
3419,bkln,bakalan
3420,kecantikanga,kecantikannya
3421,hiii,hai
3422,piiiilih,pilih
3423,deeh,deh
3424,zama,zaman
3425,gnti,ganti
3426,nmnya,namanya
3427,tapo,tapi
3428,gkk,tidak
3429,petinggi2,petinggi-petinggi
3430,wota2,wota-wota
3431,indefendet,independen
3432,tempat2,tempat-tempat
3433,taik,tahi
3434,yuuuukkk,yuk
3435,dituutup,ditutup
3436,ngayal,mengkhayal
3437,smvk,sempak
3438,knyataan,kenyataan
3439,njrittt,anjir
3440,selmt,selamat
3441,taz,atas
3442,klhran,kelahiran
3443,pertma,pertama
3444,kelahuran,kelahiran
3445,pertamany,pertamanya
3446,mamax,mamanya
3447,ankx,anaknya
3448,cantip,cantik
3449,klahiran,kelahiran
3450,slmat,selamat
3451,mmbanggakan,membanggakan
3452,ortuny,orang tuanya
3453,selmat,selamat
3454,bnda,bunda
3455,nyah,nya
3456,prtamax,pertamanya
3457,moqa,moga
3458,yq,yang
3459,brbakti,berbakti
3460,gewlaaaaa,gila
3461,basodaraa,bersaudara
3462,hargs,harga
3463,perhatiin,perhatikan
3464,abal2,abal-abal
3465,bantuim,bantu
3466,adl,adalah
3467,pelwak,pelawak
3468,suces,sukses
3469,sucses,sukses
3470,garemin,garami
3471,gapake,enggak pakai
3472,ngiringan,mengiringi
3473,karir.a,karirnya
3474,aamin,amin
3475,teruz,terus
3476,kemarn,kemarin
3477,recomendasinya,rekomendasinya
3478,promoo,promo
3479,ongkirr,ongkir
3480,mskasih,terima kasih
3481,wowwwww,wow
3482,seeeemua,semua
3483,batesin,batasi
3484,bijin,bikin
3485,ngeidealin,mengidealkan
3486,bhn,bahan
3487,gasalah,enggak salah
3488,brsma,bersama
3489,le,boleh
3490,ugha,juga
3491,semuaaa,semua
3492,heeee,hai
3493,rame2,rame-rame
3494,yam,ya
3495,kartunin,kartun
3496,kyaknya,kayaknya
3497,abez,habis
3498,baaaaaang,bang
3499,ganteeeeng,ganteng
3500,entahhh,entah
3501,gimanaaaa,bagaimana
3502,duuhh,duh
3503,gantengnyaaaa,gantengnya
3504,kpn2,kapan-kapan
3505,pans,fan
3506,kuliyh,kuliah
3507,gantengkuuuuuu,gantengku
3508,atassss,atas
3509,orgny,orangnya
3510,owalaah,walah
3511,aslinyo,aslinya
3512,alissnyaa,alisnya
3513,masaaaa,masa
3514,komuk,muka
3515,kalahnye,kalahnya
3516,iyaaaa,iya
3517,fakultass,fakultas
3518,smrg,semarang
3519,unyu2,unyu-unyu
3520,koq,kok
3521,yyaaa,ya
3522,insonniaaa,insomnia
3523,adekx,adeknya
3524,azaab,azab
3525,gksi,enggak sih
3526,greged,greget
3527,alamiii,alami
3528,ktemu,ketemu
3529,ditayangin,ditayangkan
3530,"ms""",masa-masa
3531,meranin,memerankan
3532,nontonny,menontonnya
3533,rekomendasiiin,merekomendasikan
3534,sista2,sista-sista
3535,agan2,agan-agan
3536,ngg,tidak
3537,nanget,banget
3538,ngeditnya,mengeditnya
3539,himana,bagaimana
3540,kekgini,kayak begini
3541,subhanaallahh,subhanallah
3542,sangat2,sangat-sangat
3543,terharuuuu,terharu
3544,"kata""",kata-kata
3545,subhanallahhh,subhanallah
3546,tlsn,tulisan
3547,nagiss,menangis
3548,aneut,banget
3549,trrharu,terharu
3550,subhnallah,subhanallah
3551,allahh,allah
3552,suamiii,suami
3553,dcintai,dicintai
3554,klrga,keluarga
3555,liat'y,lihatnya
3556,lggeng,langgeng
3557,romantisny,romatisnya
3558,duhhh,duh
3559,pcar,pacar
3560,kakanga,kakaknya
3561,slw,selow
3562,cpa,siapa
3563,akuu,aku
3564,aelah,alah
3565,orabg,orang
3566,mukanyaa,mukanya
3567,kakakny,kakaknya
3568,woooyy,woy
3569,ngelucu,melucu
3570,bukak,buka
3571,mato,mata
3572,kareno,karena
3573,cino,cina
3574,munafikk,munafik
3575,meker,mikir
3576,indoneaia,indonesia
3577,benarin,membenarkan
3578,jaadii,jadi
3579,apo,apa
3580,nyo,nya
3581,miara,memiara
3582,jalanani,menjalani
3583,dalil2,dalil-dalil
3584,sunah2,sunah-sunah
3585,sdah,sudah
3586,benda2,benda-benda
3587,bilang2,bilang-bilang
3588,emangnya,memangnya
3589,rumpiin,rumpi
3590,hotak,botak
3591,ikut2,ikut-ikut
3592,jawabanny,jawabannya
3593,ajj,saja
3594,mikir2,memikir-mikir
3595,melihara,memelihara
3596,oooh,oh
3597,hidupx,hidupnya
3598,ngefans,fan
3599,lsg,langsung
3600,uztad,ustad
3601,anjingnyaa,anjingnya
3602,pegang2,pegang-pegang
3603,ilmh,ilmu
3604,menasehati,menasihati
3605,suka2,suka-suka
3606,kelus,kali
3607,hubngan,hubungan
3608,koclak,kocak
3609,bju,baju
3610,cinggirnyaaaa,cinggirnya
3611,yahhhh,ya
3612,miripppp,mirip
3613,sedikitlaahh,sedikitlah
3614,miriplahhhhhh,miriplah
3615,syediih,sedih
3616,mirp,mirip
3617,baju.a,bajunya
3618,wiiiihhhhhhhhh,wih
3619,gantheng,ganteng
3620,synk,sayang
3621,ngfans,fan
3622,miriiippp,mirip
3623,idungnya,hidungnya
3624,wooow,wow
3625,panglingg,pangling
3626,artisnyaa,artisnya
3627,dtggu,ditunggu
3628,trnyata,ternyata
3629,bgtttttttt,banget
3630,rapih,rapi
3631,buuun,bun
3632,iyaappps,iya
3633,sukse,sukses
3634,nih2,nih-nih
3635,baruu,baru
3636,kecptan,kecepatan
3637,rmbutnya,rambutnya
3638,giti,begitu
3639,penganten,pengantin
3640,wrn,warna
3641,ne,ini
3642,cantikkkkk,cantik
3643,fans,fan
3644,loksyut,lokasi syuting
3645,amfun,ampun
3646,k',kak
3647,asuuu,asu
3648,kuu,ku
3649,dsini,disini
3650,dibls,dibalas
3651,ceklist,ceklis
3652,terusss,terus
3653,tlvn,telepon
3654,trkrim,terkirim
3655,kelaluan,kelakuan
3656,guanteng,ganteng
3657,cucok,cocok
3658,c,sih
3659,gueee,gue
3660,semangatt,semangat
3661,haduh,aduh
3662,mlz,malas
3663,emak2,emak-emak
3664,tante2,tante-tante
3665,kepoh,kepo
3666,jalanin,menjalani
3667,repong,repot
3668,ngrusin,mengurusi
3669,iy,iya
3670,dnk,dong
3671,senyumna,senyumnya
3672,ngejelek2in,menjelek-jelekkan
3673,hotx,hotnya
3674,cwnya,ceweknya
3675,mbaaahhh,mbah
3676,pasangn,pasangan
3677,sttus,status
3678,aama,sama
3679,hadeuuhhhh,aduh
3680,lebar2,lebar-lebar
3681,sstu,sesuatu
3682,serasiii,serasi
3683,cocokx,cocoknya
3684,emakx,emaknya
3685,iniiiiiiiiiiiiiii,ini
3686,cocookk,cocok
3687,kll,kalo
3688,arghhh,ah
3689,ungkapin,ungkapkan
3690,merrid,merit
3691,neh,nih
3692,cocokkkkk,cocok
3693,yaolohh,ya allah
3694,aee,saja
3695,naggung,menanggung
3696,battt,banget
3697,am,sama
3698,tah,teh
3699,luthuna,lucunya
3700,astagaaa,astaga
3701,suaraynyaa,suaranya
3702,duanyaa,duanya
3703,anjayyyy,anjay
3704,coeggg,coeg
3705,ancur,hancur
3706,koplak,kocak
3707,uaaasssiiiik,asik
3708,boss,bos
3709,nyubit,mencubit
3710,dede,adek
3711,gemez,gemas
3712,tium,cium
3713,gemeeezzzz,gemas
3714,ppa,papa
3715,papahhhnya,papahnya
3716,duuuhh,duh
3717,ginting,ganteng
3718,bingiiittzz,banget
3719,iiihh,ih
3720,dedeknya,adeknya
3721,hadeeuh,aduh
3722,geneeee,begini
3723,yooow,ya
3724,gemezz,gemas
3725,gayax,gayanya
3726,infpyunnnn,ampun
3727,paraaah,parah
3728,papiii,papi
3729,kamunyaa,kamunya
3730,ngambek,mengambek
3731,haduuuh,aduh
3732,kapaan,kapan
3733,nginjek,menginjak
3734,putihnyaa,putihnya
3735,ituuuu,itu
3736,omaaaaaaakk,oma
3737,loncattt,loncat
3738,didatengin,didatangi
3739,abg,abang
3740,kmariiin,kemarin
3741,ayoklaa,ayolah
3742,jelasssss,jelas
3743,kaliiin,kalian
3744,ujunggg,ujung
3745,kaakaaaa,kakak
3746,srruu,seru
3747,kannn,kan
3748,jmpaaaa,jumpa
3749,yukkk,yuk
3750,haii,hai
3751,syukaaakkk,suka
3752,dengeeriin,dengarkan
3753,yakaliiiii,yakali
3754,atuhh,atuh
3755,ngertii,mengerti
3756,apalgi,apalagi
3757,akuh,aku
3758,mesrany,mesranya
3759,jendes,janda
3760,ngggk,tidak
3761,coccokk,cocok
3762,msa,masa
3763,jendesss,janda
3764,klepek2,klepek-klepek
3765,bngtttt,banget
3766,ponakn,ponakan
3767,tantee,tante
3768,gadiss,gadis
3769,tpy,tapi
3770,jnda,janda
3771,bngy,banget
3772,bujngn,bujangan
3773,ngp,mengapa
3774,padetan,padatan
3775,bawa2,bawa-bawa
3776,nyobain,mencoba
3777,pcaran,pacaran
3778,or,orang
3779,tdak,tidak
3780,prcuma,percuma
3781,langgengggg,langgeng
3782,sekaliiiii,sekali
3783,anehhh,aneh
3784,hayal,khayal
3785,bedua,berdua
3786,bapeerr,bawa perasaan
3787,keinget,teringat
3788,merekak,mereka
3789,kreeenn,keren
3790,abisss,habis
3791,kocaaaakkk,kocak
3792,abiiiss,habis
3793,pass,pas
3794,personill,personil
3795,lengkapp,lengkap
3796,ampuuun,ampun
3797,iiihhhh,ih
3798,flim.a,filmnya
3799,trusan.a,terusannya
3800,tdung,tudung
3801,gangguin,mengganggu
3802,lgkah2,langkah-langkah
3803,taw,tau
3804,cntiiikkk,cantik
3805,tegaar,tegar
3806,sktlrang,sekarang
3807,kangeeeennnnn,kangen
3808,sjk,sejak
3809,tambh,tambah
3810,nangiis,menangis
3811,nyaaaaaaaaa,nya
3812,bundaa,bunda
3813,duuhhhhh,duh
3814,gaada,enggak ada
3815,malsudnya,maksudnya
3816,lluuccuu,lucu
3817,siappa,siapa
3818,martabakk,martabak
3819,skali2,sekali-kali
3820,kueren2,keren-keren
3821,abgnya,abangnya
3822,warkop,warung kopi
3823,hayuu,hayo
3824,kenapaa,kenapa
3825,ilang2an,hilang-hilangan
3826,ayooook,ayo
3827,astagaaaaaaaa,astaga
3828,inihhh,ini
3829,oom,om
3830,mansetan,bermanset
3831,cadasss,cadas
3832,kereeeeennn,keren
3833,"temen""",teman-teman
3834,telefisi,televisi
3835,nikmatin,menikmati
3836,mantappp,mantap
3837,mbahh,mbah
3838,giitu,begitu
3839,mtanya,matanya
3840,cpit,sipit
3841,dee,dek
3842,sumvahh,sumpah
3843,tamvann,tampan
3844,yap,ya
3845,guaaaaaaa,gua
3846,capa,sapa
3847,ngakakkk,mengakak
3848,liaat,lihat
3849,gantweng,ganteng
3850,anjjjjjjjj,anjing
3851,gakwad,enggak kuat
3852,seru2,seru-seru
3853,iniii,ini
3854,favoriteeee,favorit
3855,adaa,ada
3856,dinyanyiin,dinyanyikan
3857,seruu,seru
3858,nyengir,menyengir
3859,temennya,temannya
3860,klk,kelak
3861,brjdh,berjodoh
3862,akhrt,akhirat
3863,kangennnnn,kangen
3864,kanggen,kangen
3865,kangennnnnnn,kangen
3866,ysh,ya
3867,sypa,siapa
3868,nangisss,menangis
3869,brjodoh,berjodoh
3870,kaliann,kalian
3871,barengg,bareng
3872,kpnpun,kapanpun
3873,mendj,menjadi
3874,allahhhh,allah
3875,merindinggg,merinding
3876,amiennnn,amien
3877,iihh,ih
3878,lhir,lahir
3879,udeh,sudah
3880,menjdi,menjadi
3881,debay,adek bayi
3882,bangeer,banget
3883,lafazd,lafaz
3884,pmbyran,pembayaran
3885,plsa,pulsa
3886,"dimana""",dimana-mana
3887,sokk,sok
3888,ngambekan,ambekan
3889,sma2,sama-sama
3890,ngom,mengomong
3891,toloollll,tolol
3892,bodhooo,bodoh
3893,peliharaaaa,pelihara
3894,makanyaa,makanya
3895,"ati""",hati-hati
3896,kemakan,termakan
3897,bodhoo,bodoh
3898,siihhh,sih
3899,andaaa,anda
3900,buktinyaaa,buktinya
3901,smuaaa,semua
3902,ngambeknya,mengambeknya
3903,kebongkar,terbongkar
3904,tapii,tapi
3905,kasiian,kasihan
3906,diladenin,diladeni
3907,comen,komen
3908,ngtif,negatif
3909,comntr,komentar
3910,kaliannn,kalian
3911,brdiri,berdiri
3912,mulutny,mulutnya
3913,msalah,masalah
3914,trserh,terserah
3915,waduuuuh,waduh
3916,ngedukung,mendukung
3917,dihpus,dihapus
3918,mrekaa,mereka
3919,cakeeeeppp,cakep
3920,benerr,benar
3921,"brg""",bareng-bareng
3922,baanget,banget
3923,anjaaaayyyyyy,anjay
3924,ngetsz,banget
3925,utkmu,untukmu
3926,anj,anjing
3927,merekaa,mereka
3928,kann,kan
3929,dieee,dia
3930,yaahh,ya
3931,hijap,hijab
3932,ternodain,ternodai
3933,ngeri2,ngeri-ngeri
3934,mn,mana
3935,kt2,kata-kata
3936,agk,agak
3937,slhkan,salahkan
3938,jilbabny,jilbabnya
3939,perilakuny,perilakunya
3940,ketaatanny,ketaatannya
3941,kepda,kepada
3942,sblmny,sebelumnya
3943,bljr,belajar
3944,pedulilaaaah,pedulilah
3945,ingetin,mengingatkan
3946,terjrumus,terjerumus
3947,stuju,setuju
3948,sbb,sebab
3949,igtlah,ingatlah
3950,dtgkan,datangkan
3951,benahin,membenahi
3952,ohhhh,oh
3953,yapp,ya
3954,jauhh,jauh
3955,bingitt,banget
3956,buka2an,buka-bukaan
3957,ngembali,kembali
3958,semngat,semangat
3959,lekong,laki
3960,kacauuuu,kacau
3961,ngimpi,mimpi
3962,owh,oh
3963,ngerampas,merampas
3964,ngehancurin,menghancurkan
3965,ngungkit2,mengungkit-ungkit
3966,kaleee,kali
3967,caranga,caranya
3968,usa,usah
3969,dipikirin,dipikirkan
3970,nunduk,menunduk
3971,tembemmm,tembem
3972,lucuuuuuuuuuu,lucu
3973,bundaaa,bunda
3974,nyubitt,mencubit
3975,jls2,jelas-jelas
3976,supeer,super
3977,inni,ini
3978,appa,apa
3979,hayooo,hayo
3980,adyem,adem
3981,mitnah,memfitnah
3982,cantiknyaaaaa,cantiknya
3983,tmbm,tembam
3984,cantix,cantik
3985,kriput,keriput
3986,jelex,jelek
3987,drmn,darimana
3988,"laku""",laku-laku
3989,"orang""nya",orang-orangnya
3990,kacian,kasihan
3991,cape,capek
3992,mancing2,memancing-mancing
3993,eeeeh,eh
3994,kpancing,terpancing
3995,lakuin,melakukan
3996,cri,cari
3997,sbenernya,sebenarnya
3998,mikirinnn,memikirkan
3999,"diam""",diam-diam
4000,mengalahkn,mengalahkan
4001,nyindirin,menyindir
4002,nee,ini
4003,klakuan,kelakuan
4004,mksdx,maksudnya
4005,shabat,sahabat
4006,jk,jika
4007,brbuat,berbuat
4008,mmberi,memberi
4009,nm,nama
4010,sbhabat,sahabat
4011,pnjerumus,penjerumus
4012,tman,teman
4013,shbat,sahabat
4014,melakukn,melakukan
4015,seorg,seorang
4016,berkluarga,berkeluarga
4017,siapa2,siapa-siapa
4018,ketipu,tertipu
4019,"laki""",laki-laki
4020,mengait2kan,mengait-ngaitkan
4021,nyir2,nyinyir
4022,gosipin,menggosipkan
4023,sendri,sendiri
4024,bntar,bentar
4025,duuuhhh,duh
4026,nmbk,menembak
4027,gakkk,tidak
4028,abiiiiisssss,habis
4029,tikung2,tikung-tikung
4030,cwok,cowok
4031,bangedd,banget
4032,wuastagah,astaga
4033,bedaaa,beda
4034,jaoooh,jauh
4035,mateeeeeeeeeeee,mati
4036,parsis,persis
4037,sumpeh,sumpah
4038,iyh,iya
4039,kmana,kemana
4040,cantiqs,cantik
4041,kecik,kecil
4042,brasa,berasa
4043,trlihat,terlihat
4044,mmberikan,memberikan
4045,khidupan,kehidupan
4046,srpti,seperti
4047,dinamakn,dinamakan
4048,sgtu,sebegitu
4049,paati,pasti
4050,kutuu,kutu
4051,setelur2nya,setelur-telurnya
4052,khadiran,kehadiran
4053,kel,keluarga
4054,srta,serta
4055,kcil,kecil
4056,kberkahn,keberkahan
4057,kbahagiaan,kebahagiaan
4058,tntram,tentram
4059,brsama,bersama
4060,hngga,hingga
4061,brpndapat,berpendapat
4062,trutama,terutama
4063,hiraukn,hiraukan
4064,diamkn,diamkan
4065,hrsny,harusny
4066,brsyukur,bersyukur
4067,mmberikn,memberikan
4068,rasakn,rasakan
4069,cari2,cari-cari
4070,kesalahanny,kesalahannya
4071,kekuranganny,kekurangannya
4072,seandainy,seandainya
4073,perasaanny,perasaannya
4074,diindonesis,diindonesia
4075,liyatnya,lihatnya
4076,kayahhh,kaya
4077,ala2,ala-ala
4078,yook,yuk
4079,yoookkkk,yuk
4080,siihh,sih
4081,elus2,elus-elus
4082,asliiiii,asli
4083,aduuhhhh,aduh
4084,belom,belum
4085,padahl,padahal
4086,btul,betul
4087,kejahatn,kejahatan
4088,slam,salam
4089,ngelewati,melewati
4090,kalu,kalau
4091,ngerendahin,merendahkan
4092,apaalahh,apalah
4093,tnp,tanpa
4094,menyebut2,menyebut-nyebut
4095,mnt,minta
4096,kiya,kita
4097,miriiiiip,mirip
4098,dirimuuu,dirimu
4099,yoiiu,yoi
4100,semuanyaaaa,semuanya
4101,suka.a,sukanya
4102,jdii,jadi
4103,blnja,belanja
4104,brangnya,barangnya
4105,ada2,ada-ada
4106,nimpuk,menimpuk
4107,abiss,habis
4108,prlu,perlu
4109,coyyy,coy
4110,suaranyaa,suaranya
4111,jnagn,jangan
4112,kcwa,kecewa
4113,jaman2,jaman-jaman
4114,sok2an,sok-sokan
4115,dket2in,dekat-dekati
4116,cobak,coba
4117,britanya,beritanya
4118,tau2,tau-tau
4119,mahh,mah
4120,jamam,jaman
4121,paraa,para
4122,seharusny,seharusnya
4123,dasaar,dasar
4124,bergunaa,berguna
4125,mulutnyaaa,mulutnya
4126,blkng,belakang
4127,kcewa,kecewa
4128,mnusuk,menusuk
4129,blkang,belakang
4130,nembak,menembak
4131,trmanis,termanis
4132,krng,kurang
4133,kaciiaann,kasihan
4134,nyela,mencela
4135,ngejilat,menjilat
4136,hallooo,halo
4137,deketin,dekati
4138,tayik,tahi
4139,halooo,halo
4140,ustzah,ustazah
4141,halow,halo
4142,poooolllll,pol
4143,tahannn,tahan
4144,aduuh,aduh
4145,nyimpen,menyimpan
4146,ngarsipin,mengarsipkan
4147,cman,cuman
4148,gituuuuu,begitu
4149,kyy,kaya
4150,kngn,kangen
4151,kq,kok
4152,nyesek,menyesak
4153,rinduuuuuuu,rindu
4154,b2,berdua
4155,kangeeeennn,kangen
4156,mg,moga
4157,aamiiiiinnn,amin
4158,gemezzzz,gemas
4159,kangennnnnn,kangen
4160,prh,parah
4161,bakattt,bakat
4162,napsuu,napsu
4163,gmau,enggak mau
4164,luccu,lucu
4165,prasaan,perasaan
4166,lahirr,lahir
4167,setujuuuu,setuju
4168,sering2,sering-sering
4169,ceemen,cemen
4170,"sembunyi""""",sembunyi-sembunyi
4171,skrnh,sekarang
4172,cerdiik,cerdik
4173,jeniuss,jenius
4174,kurangin,kurangi
4175,kreen,keren
4176,s'lalu,selalu
4177,mauuuuuu,mau
4178,mintk,minta
4179,nyolong,mencolong
4180,pnjng,panjang
4181,slaluuuuu,selalu
4182,kanggggg,kang
4183,rezeqinya,rezekinya
4184,pintr,pintar
4185,dekk,dek
4186,maw,mau
4187,kura2,kura-kura
4188,edaaann,edan
4189,nempel,menempel
4190,hatiiii,hati
4191,sukkaa,suka
4192,luuuucuuu,lucu
4193,caantiiik,cantik
4194,luucuuu,lucu
4195,putihh,putih
4196,"terus""an",terus-terusan
4197,siiih,sih
4198,ternyataa,ternyata
4199,pollll,pol
4200,sekaliiii,sekali
4201,peduliin,mempedulikan
4202,komntr,komentar
4203,smngat,semangat
4204,dosax,dosanya
4205,pahalax,pahalanya
4206,akhirt,akhirat
4207,tinggalkn,tinggalkan
4208,rumh,rumah
4209,mk,maka
4210,trhtung,terhitung
4211,naaaa,nya
4212,ademmm,adem
4213,cerdass,cerdas
4214,tambahh,tambah
4215,polll,pol
4216,didengerin,didengarkan
4217,mantapppppp,mantap
4218,ngerespon,merespons
4219,dulurrr,dulur
4220,brusaha,berusaha
4221,lebh,lebih
4222,amin2,amin-amin
4223,positippp,positif
4224,jauuhhh,jauh
4225,brhjb,berhijab
4226,mdh2n,mudah-mudahan
4227,slmnya,salamnya
4228,jlbb,jilbab
4229,dempga,semoga
4230,selmnya,selamanya
4231,tth,teteh
4232,otot2,otot-otot
4233,lengkeeett,lengket
4234,caaannnttiikkk,cantik
4235,trusss,terus
4236,ademm,adem
4237,apalagiii,apalagi
4238,passs,pas
4239,beginii,begini
4240,satuu,satu
4241,cuantek,cantik
4242,akuuuur,akur
4243,iniehh,ini
4244,sayangx,sayangnya
4245,jodohx,jodohnya
4246,kaliaan,kalian
4247,haslnya,hasilnya
4248,kencng,kencang
4249,pmbantu,pembantu
4250,kmbl,kembali
4251,cuchook,cocok
4252,kloop,klop
4253,sempurnaa,sempurna
4254,klihatan,kelihatan
4255,cintax,cintanya
4256,pnuh,penuh
4257,ngrti,mengerti
4258,"mudah""an",mudah-mudahan
4259,"segala""ny",segala-galanya
4260,mantanny,mantannya
4261,jodohny,jodohnya
4262,cantk,cantik
4263,ituuu,itu
4264,kaasian,kasihan
4265,padhl,padahal
4266,"ank""",anak-anak
4267,pkrin,pikirkan
4268,anakx,anaknya
4269,sia2kan,sia-siakan
4270,naaahhh,nah
4271,beluumm,belum
4272,sayangggq,sayangku
4273,kreean,keren
4274,ciiieee,cie
4275,cieee,cie
4276,cieeee,cie
4277,berenanh,berenang
4278,pacarr,pacar
4279,bingitss,banget
4280,besokkk,besok
4281,annnnjjjjjjrrrr,anjir
4282,ngeliatin,melihati
4283,ngumbar2,mengumbar-umbar
4284,romantiss,romantis
4285,cocook,cocok
4286,lucuuuuuuuu,lucu
4287,kaaaaaann,kan
4288,nyaaaaaaa,nya
4289,lgs,langsung
4290,yaang,yang
4291,bangedt,banget
4292,gde,gede
4293,lutunaaa,lucunya
4294,bikinnn,bikin
4295,keee,ke
4296,bungkuuussss,bungkus
4297,lucux,lucunya
4298,bntr,bentar
4299,buanyaaak,banyak
4300,aaamiiinnn,amin
4301,aaamiiin,amin
4302,ntap,mantap
4303,abgnyaah,abangnya
4304,mungkiin,mungkin
4305,akuhh,aku
4306,manteb,mantap
4307,hiduupppp,hidup
4308,tebel,tebal
4309,nganggepin,menanggapi
4310,"mentang""",mentang-mentang
4311,najiss,najis
4312,perjabatt,pejabat
4313,makany,makanya
4314,benneeeeeerr,benar
4315,krjaan,pekerjaan
4316,kdng,kadang
4317,kdang,kadang
4318,knan,kanan
4319,anak'y,anaknya
4320,trknal,terkenal
4321,"gtu""",begitu-gitu
4322,klok,kalo
4323,aamiiiinnnnn,amin
4324,pengennnn,pengin
4325,guw,gue
4326,siiiiiiippppppppp,sip
4327,selaloe,selalu
4328,donggg,dong
4329,beruntungnyaaaa,beruntungnya
4330,soal'y,soalnya
4331,prhatian,perhatian
4332,hebaat,hebat
4333,ampunn,ampun
4334,gueeeee,gue
4335,liatt,lihat
4336,gehh,gih
4337,ankknyaaa,anaknya
4338,centilnyaaaaaa,centilnya
4339,gemesshzzzzhzzhzhzhsjssjs,gemas
4340,ngacaaa,mengaca
4341,diaaa,dia
4342,jirr,anjir
4343,kayaa,kaya
4344,cempreeng,cempreng
4345,centillll,centil
4346,pcran,pacaran
4347,anedh,banget
4348,ampyunnnn,ampun
4349,boro2,boro-boro
4350,nyta,nyata
4351,kampungn,kampungan
4352,j,saja
4353,mnghina,menghina
4354,ngolokin,mengolok
4355,blum,belum
4356,"syirik""",syirik-syirik
4357,than,tahan
4358,dsr,dasar
4359,siriik,sirik
4360,mampuuu,mampu
4361,khan,kan
4362,aduuhh,aduh
4363,cemburuu,cemburu
4364,bingitzzzz,banget
4365,tlog,tolong
4366,apasihhh,apasih
4367,sirikk,sirik
4368,dbnding,dibanding
4369,nrka,neraka
4370,s3ndiri,sendiri
4371,bhgiain,membahagiakan
4372,kdua,kedua
4373,prcya,percaya
4374,bhagaia,bahagia
4375,cuco,cocok
4376,genittt,genit
4377,kx,kak
4378,mlikk,milik
4379,"mentah""",mentah-mentah
4380,canci,cantik
4381,aneed,banget
4382,gimanaa,bagaimana
4383,lainnn,lain
4384,pentingg,penting
4385,bagaimanaaa,bagaimana
4386,krudung,kerudung
4387,enakkkkk,enak
4388,poool,pol
4389,jirrrr,anjir
4390,oprasiya,operasinya
4391,uwee,gue
4392,pilihannny,pilihannya
4393,itumahh,itumah
4394,muuuu,mu
4395,uuhhh,uh
4396,berbakiti,berbakti
4397,alhamd,alhamdulillah
4398,slmttt,selamat
4399,ucapin,mengucapkan
4400,tetp,tetap
4401,ditengah2,ditengah-tengah
4402,semuanyaa,semuanya
4403,semuannyaaa,semuanya
4404,aminn2,amin-amin
4405,abs,habis
4406,kebnyak'an,kebanyakan
4407,melahirin,melahirkan
4408,aduuuh,aduh
4409,cakeep,cakep
4410,lhooo,loh
4411,kamuuuu,kamu
4412,bagi2,bagi-bagi
4413,gimn,bagaimana
4414,smogaaa,semoga
4415,biza,bisa
4416,aamien,amien
4417,lngsing,langsing
4418,wowoooww,wow
4419,smulla,semula
4420,pdhall,padahal
4421,blln,bulan
4422,senang2,senang-senang
4423,jh,saja
4424,kereeennnn,keren
4425,gilakkk,gila
4426,gtu2,begitu-gitu
4427,cpet,cepat
4428,gataunya,enggak taunya
4429,gtau,enggak tau
4430,fans2,fan-fan
4431,gaharus,enggak harus
